article_id,true_label,selection_position,variant,variant_description,title,variant_content,word_count,probability_real,probability_fake,binary_prediction,decision,full_probability_fake,full_binary_prediction,full_decision,delta_probability_fake_from_full,binary_changed_from_full,decision_changed_from_full,prediction_correct
fake_1698,fake,high_probability_fake,full,Teksti i plotë,"Prekese: Sot u bëra nene pas 10 viteve martes, jam Nene e Trinjakëve, kush me uron i dhent Zoti ate qe i mungon ..","Në maternitetin e Librazhdit një nënë 32-vjeçare ka lindur trinjakë. Por për t’i sjellë në jetë tre fëmijët, ajo ka kryer dy operacione të vështira të cilat zgjatën 6 orë.Alfonia Çota raportohet nga “ABC News” se ishte në rezik për jetën, por një infermiere e spitalit është ofruar për të dhuruar gjak dhe tani ajo bashkë me trinjakët gëzojnë shëndet të plotë.Alfonie Çota sapo ka sjellë në jetë tre fëmijë, dy vajza dhe një djalë.ja ma posht duhet patjeter me kqyr qat moment amo patjeter kqyrne disa sekonda pasi ta keni hapur marketingun hapet artikulli i plotëNë maternitetin e Librazhdit një nënë 32-vjeçare ka lindur trinjakë. Por për t’i sjellë në jetë tre fëmijët, ajo ka kryer dy operacione të vështira të cilat zgjatën 6 orë.Alfonia Çota raportohet nga “ABC News” se ishte në rezik për jetën, por një infermiere e spitalit është ofruar për të dhuruar gjak dhe tani ajo bashkë me trinjakët gëzojnë shëndet të plotë.Alfonie Çota sapo ka sjellë në jetë tre fëmijë, dy vajza dhe një djalë.ja ma posht duhet patjeter me kqyr qat moment amo patjeter kqyrne disa sekonda pasi ta keni hapur marketingun hapet artikulli i plotë",221,0.001,0.999,fake,likely_fake,0.999,fake,likely_fake,0.0,False,False,True
fake_1698,fake,high_probability_fake,title_plus_first_paragraph_proxy,Titull + 120 fjalët e para,"Prekese: Sot u bëra nene pas 10 viteve martes, jam Nene e Trinjakëve, kush me uron i dhent Zoti ate qe i mungon ..","Në maternitetin e Librazhdit një nënë 32-vjeçare ka lindur trinjakë. Por për t’i sjellë në jetë tre fëmijët, ajo ka kryer dy operacione të vështira të cilat zgjatën 6 orë.Alfonia Çota raportohet nga “ABC News” se ishte në rezik për jetën, por një infermiere e spitalit është ofruar për të dhuruar gjak dhe tani ajo bashkë me trinjakët gëzojnë shëndet të plotë.Alfonie Çota sapo ka sjellë në jetë tre fëmijë, dy vajza dhe një djalë.ja ma posht duhet patjeter me kqyr qat moment amo patjeter kqyrne disa sekonda pasi ta keni hapur marketingun hapet artikulli",120,0.0015,0.9985,fake,likely_fake,0.999,fake,likely_fake,-0.0005,False,False,True
fake_1698,fake,high_probability_fake,short_46_words,Versioni rreth 46 fjalë,"Prekese: Sot u bëra nene pas 10 viteve martes, jam Nene e Trinjakëve, kush me uron i dhent Zoti ate qe i mungon ..","Në maternitetin e Librazhdit një nënë 32-vjeçare ka lindur trinjakë. Por për t’i sjellë në jetë tre fëmijët, ajo ka kryer dy operacione",46,0.0626,0.9374,fake,likely_fake,0.999,fake,likely_fake,-0.0616,False,False,True
fake_1698,fake,high_probability_fake,title_only,Vetëm titulli,"Prekese: Sot u bëra nene pas 10 viteve martes, jam Nene e Trinjakëve, kush me uron i dhent Zoti ate qe i mungon ..",,22,0.0461,0.9539,fake,likely_fake,0.999,fake,likely_fake,-0.0451,False,False,True
fake_1885,fake,mid_low_probability_fake,full,Teksti i plotë,"Infermierja e infektuar me Covid-19 i lutet kolegëve: Mos më lini të vdes, kam fëmijë","Një infermiere e infektuar me koronavirus ka zbuluar se si ajo po e përballon luftën me të, dhe çdo ditë i lutet stafit mjekësor që të mos e lënë të vdesë.Në gjendjen e vështirë në të cilën ndodhet, ajo po mban dhe ditar.Kelly Ward, 35 vjeç, u infektua në spital dhe tani është e sëmurë rëndë në Bradford Royal.Nëna e dy fëmijëve nga Shipley, West Yorkshire, rezultoi pozitive me Covid-19 dhe u dërgua menjëherë në spital. Stafi shëndetësor i dha zonjës Ward oksigjen dhe e transferoi atë në njësinë për monitorim kardiak, pastaj në një repart kujdesi intensiv.Ward filloi të frikësohej, duke menduar se nuk i kishte parë ende fëmijët e saj, familjen ose miqtë e saj dhe u shqetësua se çfarë do të ndodhte nëse nuk funksiononte.Ajo përshkroi se kolegët e saj bënë çdo gjë për ta ndihmuar.Zonja Ward shkruan:E NJIHJA NJËRËN PREJ TYRE, NE KEMI PUNUAR SË BASHKU MË PARË DHE UNË I THASHË ASAJ: ” MOS MË LINI TË VDES “.Gjendja e saj dukej se po përmirësohej dhe më pas hëngri për herë të parë, pas tre ditësh të mërkurën, por nuk ka mundur të dalë nga shtrati.Gjithashtu shtoi:NATYRISHT QË DO TË BËJ GJITHÇKA QË MUNDEM PËR TA MPOSHTUR KËTË, SEPSE FËMIJËT E MI KANË NEVOJË PËR MUA. DO TË JETË NJË RRUGË SHUMË E GJATË, POR DO TA FITOJ KËTË BETEJË.",247,0.8331,0.1669,real,likely_real,0.1669,real,likely_real,0.0,False,False,False
fake_1885,fake,mid_low_probability_fake,title_plus_first_paragraph_proxy,Titull + 120 fjalët e para,"Infermierja e infektuar me Covid-19 i lutet kolegëve: Mos më lini të vdes, kam fëmijë","Një infermiere e infektuar me koronavirus ka zbuluar se si ajo po e përballon luftën me të, dhe çdo ditë i lutet stafit mjekësor që të mos e lënë të vdesë.Në gjendjen e vështirë në të cilën ndodhet, ajo po mban dhe ditar.Kelly Ward, 35 vjeç, u infektua në spital dhe tani është e sëmurë rëndë në Bradford Royal.Nëna e dy fëmijëve nga Shipley, West Yorkshire, rezultoi pozitive me Covid-19 dhe u dërgua menjëherë në spital. Stafi shëndetësor i dha zonjës Ward oksigjen dhe e transferoi atë në njësinë për monitorim kardiak, pastaj në një repart kujdesi intensiv.Ward filloi të frikësohej, duke",120,0.8277,0.1723,real,likely_real,0.1669,real,likely_real,0.0054,False,False,False
fake_1885,fake,mid_low_probability_fake,short_46_words,Versioni rreth 46 fjalë,"Infermierja e infektuar me Covid-19 i lutet kolegëve: Mos më lini të vdes, kam fëmijë","Një infermiere e infektuar me koronavirus ka zbuluar se si ajo po e përballon luftën me të, dhe çdo ditë i lutet stafit mjekësor që të mos e lënë të vdesë.Në",47,0.4867,0.5133,fake,uncertain,0.1669,real,likely_real,0.3464,True,True,True
fake_1885,fake,mid_low_probability_fake,title_only,Vetëm titulli,"Infermierja e infektuar me Covid-19 i lutet kolegëve: Mos më lini të vdes, kam fëmijë",,15,0.2794,0.7206,fake,likely_fake,0.1669,real,likely_real,0.5537,True,True,True
fake_1932,fake,low_probability_fake,full,Teksti i plotë,Flet mjekja shqiptare në Kanada: Si të trajtoni virusin në kushtet e shtëpisë,"Në një intervistë dhënë për gazetën, doktoresha e vë theksin në masat parandaluese, siç janë distancimi social, mbajtja e maskave dhe larja e shpeshtë e duarve. “Është shumë më e thjeshtë ta parandalosh këtë virus sesa ta mjekosh atë. Lufta e vërtetë e këtij virusi, fronti i parë i luftës, është në komunitet, në çdo shtëpi, te çdo individ. Spitali është fronti i fundit”, shton doktoresha. Me rëndësi po ashtu është edhe menaxhimi i stresit dhe gjumi i rregullt. “Ajo që shkakton vdekjen, nuk është virusi, është përgjigjja jonë imunitare, që ka për qëllim të vrasë virusin, por në proces e sipër, vret dhe njeriun”, vë në dukje mjekja. Juliana Gorja, MD ÇFP, është mjeke që praktikon në Toronto, Kanada. Gorja ka mbaruar Fakultetin e Mjekësisë në Tiranë dhe specializim për Mjekësi Familje në Universitetin e Otava në Ontarion Veriore. Ajo ka ushtruar mjekësi për 15 vjet në Ontario dhe momentalisht punon në Toronto, ku u shërben mijëra pacientëve të klinikës së saj ambulatore komunitare.Doktoreshë, cila është situata aktuale në Kanada? Sa persona rezultojnë të infektuar nga COVID-19 dhe sa prej tyre kanë ndërruar jetë, duke mos arritur ta fitojnë këtë betejë?Në radhë të parë, doja të përshëndesja stafin dhe lexuesit tuaj. Dëshiroj t’u drejtohem gjithë lexuesve tuaj, të cilët gjatë kësaj periudhe të jashtëzakonshme, pa dyshim, janë të lodhur e të tejngopur me informacione që janë të vështira për t’u kuptuar apo pranuar, në lidhje me një armik të padukshëm që është bërë epiqendra e jetës sonë. Dua t’u them që të mos fokusohen te numrat, numrat janë numra që ndryshojnë përditë. Fokusin mbajeni te vetja dhe familja juaj. Nëse arrini të mbani të shëndetshëm veten dhe familjen tuaj, duke zbatuar këshillat e mjekëve dhe të Shëndetit Publik, ju e keni bërë 0 numrin e të infektuarve në shtëpinë tuaj. Sikur çdo familje e tërë pallatit të jetë kështu, e keni bërë 0 numrin e të infektuarve në pallat. Sikur tërë pallatet e lagjes ta kenë 0, atëherë tërë lagjja e mandej tërë qyteti e ka 0. Dhe kështu me radhë, tërë vendi e ka 0. Pra, mos u shqetësoni për numrat jashtë. Shqetësohuni vetëm për numrin brenda shtëpisë tuaj. Mbajeni 0 këtë numër dhe e keni kryer detyrën tuaj. Deri më 24 prill 2020, numri i njerëzve që janë testuar pozitivë në Kanada është 43 mijë e 551. Numri i vdekjeve nga COVID-19 është 2 mijë e 294. Të shëruarit janë afërsisht 15 mijë e 500. Këto shifra nuk janë të sakta, sepse shpesh do më tepër se 1-2 ditë derisa të vijë përgjigjja e rezultatit të testit, pra, me shumë gjasa përfaqësojnë numrin e rasteve pozitive disa ditë më parë. Duke ditur që testohen vetëm njerëz që përmbushin kriteret e vëna nga Shëndeti Publik, kuptohet që numri i njerëzve që janë të infektuar, është shumë më i madh se ky. Por ky numër është praktikisht i pamundur të përcaktohet. Prandaj, numri më i saktë ose më domethënës është numri i të shtruarve me COVID-19 dhe sidomos ata të shtruar në shërbimin intensiv. Ata numra janë solidë. Deri më tani në gjendje kritike nëpër spitale në Kanada janë 557 pacientë. Vdekshmëria për 1 milion banorë është 61.Cila është mosha mesatare e personave që kanë ndërruar jetë?Deri tani nuk kanë dalë të dhënat e detajuara demografike për fatalitetet në rang kombëtar, jam e sigurt që shumë shpejt do kemi në dorë të dhënat për grupmoshat dhe gjendjen shëndetësore premorbide të tyre. Në provincën e Ontarios, COVID19 tani ka hyrë në institucionet e të sëmurëve rëndë dhe kronikë, në ato që këtu quhen Long Term Care Homes. Ata janë institucione ku ndodhen të sëmurë kryesisht të moshave të mëdha, që, për shkak të problemeve të avancuara shëndetësore, kanë nevojë për kujdes 24 orë. Ata janë ndër më të brishtët e shoqërisë. Këta janë pacientët që po provojnë vdekshmërinë më të lartë tani prej koronavirusit. Në Ontario, në këto qendra, deri tani ka 2 mijë e 287 raste pozitive. Numri i të vdekurve në to është 573. Numri i personelit shëndetësor që punon në këto qendra, të konfirmuar me COVID-19, është 1 mijë e 089 dhe një prej tyre ka humbur jetën.A ka shqiptarë të infektuar?Patjetër që ka. Me kalimin e kohës do dalin dhe të dhënat e distiluara për grupet e ndryshme etnike dhe efektet e përkatësive të ndryshme gjenetike në sëmundshmëri e vdekshmëri.Si po menaxhohet kjo situatë, pra, cilat janë masat e marra nga autoritetet atje?Si kudo, ekonomia ka ndaluar, me përjashtim të shërbimeve esenciale. Kafenetë e restorantet janë mbyllur. Ato që janë hapur ofrojnë vetëm shitje vaktesh që klienti i merr me vete. Njerëzit janë në distancim të theksuar social. Ata që kanë testuar pozitivë ose dyshohen për COVID-19, menaxhohen në shtëpitë e tyre. Rastet e rënda shtrohen në spital. Individët dalin vetëm për gjëra esenciale, si blerja e ushqimeve dhe barnave. Bizneset esenciale janë detyruar me ligj që të zbatojnë në çdo moment distancën minimale prej 2 metër midis punonjësve të biznesit dhe klientëve të tyre. Gjobat janë 500 mijë dollarë për bizneset që nuk i zbatojnë, kurse për individët janë 1000-5000 dollarë. Hyrja në dyqane është e kontrolluar nga punonjës të posaçëm, që sigurohen që numri i njerëzve brenda dyqanit nuk kalon normën e lejuar nga shteti. Parqet e fëmijëve janë mbyllur, natyrisht shkollat dhe çerdhet kanë kohë që janë mbyllur. Kampingjet dhe asnjë lloj grumbullimi njerëzish nuk lejohen. Forcat e Policisë inspektojnë qytetin për zbatimin e rregullave. Gjithë infrastruktura e shëndetësisë, në komunitet dhe spitale, është vënë krejtësisht në shërbim të COVID, duke anuluar gjithë operacionet jourgjente, procedurat jourgjente dhe vizitat jourgjente për pacientët, të cilët po menaxhohen në mënyrë virtuale nga shtëpitë e tyre. Fatmirësisht, këto masa kanë dhënë efektin e tyre, duke u lënë mundësi spitaleve ta përballojnë shumë mirë situatën deri tani.Lidhur me trajtimin e të infektuarve, cilat janë medikamentet që po aplikohen?Në komunitet, të infektuarit nuk kanë nevojë për mjekime specifike. Si për çdo sëmundje virale, hidratimi, pushimi fizik dhe mendor, antipiretikët për uljen e temperaturës dhe vetizolimi efikas, janë standardi i trajtimit. Për sa u përket të sëmurëve në spitale, kuptohet që trajtimi kryesor i tyre është stabilizimi i parametrave vitalë me oksigjen, lëngje intravenoze dhe mjekime të ndryshme në këtë drejtim. E vërteta është që nuk ka kurë për COVID-19. Trajtimet që po përdoren tani nëpër spitale janë në nivel eksperimental dhe nuk kanë evidencë shkencore të nivelit të lartë që vërteton efikasitetin e tyre. Në spitale të ndryshme kanë vendosur protokolle trajtimi me kokteje të ndryshme medikamentesh, që nga antimalariket, antiviralet, antibiotikë si dhe mjekime të tjera që tentojnë të ulin përgjigjen imunitare ndaj virusit, e cila, në shumë raste, është ajo që shkakton shokun që pëson trupi me Covid. Këtu hyjnë mjekime shumë të shtrenjta, si inhibitorët e interleukinës 6 apo dhe mjekime pak të kushtueshme, si kortizoni. Shkenca e COVID-it është në evoluim e sipër. Çdo ditë mjekët nxjerrin konkluzione për mekanizma të veprimit të këtij virusi që nuk i dinin më parë. Ka teori për një mekanizëm që shkakton vaskulit dhe coagulopati vaskulare, tromboza, në gjuhën popullore, kështu që ka qendra spitalore që po eksperimentojnë me hollues gjaku. Në Kanada kanë nisur të grumbullojnë serum nga gjaku i të sëmurëve që e kanë kaluar COVID-19, për t’ua injektuar të sëmurëve rëndë. Përsëri, këto janë ende në nivel eksperimental dhe nuk dihet akoma se sa efektive dhe pa efekte anësore do jenë. Pra, mjekët, në tërë botën, po i përqasen trajtimit të këtij virusi nga drejtime të ndryshme, por deri tani nuk ka kurë. Shumë herë, mjekimet kanë efekte anësore të rënda, kështu që përzgjedhja e kandidatëve për trajtim bëhet me kujdes, në bazë të kritereve të institucionit. Për këtë arsye është shumë e rëndësishme që të ndiqet këshilla e mjekut specialist që ndjek rastin dhe jo lajmërimet bombastike që mund të dalin në televizion apo internet me pretendime për mjekime çudibërëse, nga njerëz që nuk kanë asnjë kualifikim për të bërë rekomandime mjekësore. Është shumë më e thjeshtë ta parandalosh këtë virus sesa ta mjekosh atë. Lufta e vërtetë e këtij virusi, fronti i parë i luftës, është në komunitet, në çdo shtëpi, te çdo individ. Spitali është fronti i fundit.Mendoni që me rritjen e temperaturave do të bjerë edhe virulenca e këtij virusi?Fakt është që ky virus është përhapur edhe në vende të nxehta apo edhe në hemisferën jugore. Prandaj mendoj që temperatura e lartë nuk do ndikojë në të.A ka të dhëna mbi ndikimin që mund të ketë vaksina e tuberkulozit?Studime të bëra vitet e fundit kanë treguar që vaksina e TB ka riprogramuar qelizat imunitare për të luftuar infeksione të tjera, veç TB. Dhe nën këtë presupozim, tani vonë, kanë nisur dhe studimet e eksperimentimet për të parë a ka efekt kjo vaksinë në luftën kundër virusit COVID-19. Natyrisht, do kohë derisa të studiohet efekti dhe të shihet a mund të ekstrapolohet rezultati i marrë në një kampion njerëzish, në popullatë të gjerë. Deri atëherë, masa mbrojtëse më e mirë është distancimi social, larja e shpeshtë dhe e gjatë e duarve, dhe veshja e maskave në publik.Çfarë do të këshillonit për të parandaluar infektimin me COVID-19?Ne tani e dimë që ngarkesa më e madhe virale është 2 ditë para se të fillojnë simptomat. Pra, ata që e shpërndajnë më shumë virusin janë njerëzit asimptomatikë. Ata thjesht me pikat e pështymës, duke folur, mund ta përhapin virusin në dyqan, në punë, në komunitet. Prandaj, këshilla ime është të vishni maska, qoftë dhe të bëra vetë, kur dilni jashtë, në dyqan a farmaci. Maska nuk mbron personin që e vesh atë, por mbron ata rreth tij, sepse ul numrin e pikave të pështymës që mbartin virusin, të cilat bien mbi çdo objekt që rrethon personin në një rreze prej 2 metrash. Maska e veshur mund të jetë e bërë vetë, me dy shtresa cope dhe mundësisht një shtresë filtri brenda, që mund të ndërrohet. Kur hiqet maska, nuk duhet kapur nga pjesë e përparme, por nga lidhëset mbrapa, në mënyrë që të mos kontaminohen duart. Maska të lahet në ujë të nxehtë me sapun ose mund të varet e të lihet në diell disa ditë. Larja e shpeshtë e duarve dhe evitimi i prekjes së fytyrës, janë gjëra kyçe. Dhe mos u takoni me asnjë njeri nëse nuk jetoni nën një çati me të. Gjëja tjetër që do këshilloja, është menaxhimi i stresit. Ajo që shkakton vdekjen, nuk është virusi, është përgjigjja jonë imunitare, që ka për qëllim të vrasë virusin, por në proces e sipër, vret dhe njeriun. Trupi ynë ka qeliza të specializuara për të luftuar infeksionet. Disa prej tyre duan 2 javë që të prodhojnë antitrupa specifike, për të luftuar me efikasitet dhe saktësi virusin. Por në shumë raste, përpara se të vijë dyjavëshi, trupi ynë mobilizon tërë arsenalin e vet mbrojtës, duke lëshuar një sasi të lartë molekulash të quajtura citokina, një fenomen që ne e quajmë stuhia e citokinave, të cilat ndezin një zinxhir reaksionesh inflamatore që në vrull e sipër shkatërron tërë organet. Pra, në vend që të vijë një snajper i saktë për të vrarë vetëm virusin, trupi dërgon një ushtri të tërë me napalm në dorë, që shkatërron çfarë gjen përpara. Stresi dhe mungesa e gjumit rrisin hormonet e stresit në trup. Ka studime që tregojnë që dhe një natë pa gjumë, ose me gjumë të fragmentuar, rrisin nivelin e interleukinave në gjak, të këtyre molekulave që marrin pjesë në zinxhirin e inflamacionit. Prandaj, ulja e nivelit të stresit dhe gjumi i rregullt do na ndihmojnë të qëndrojmë fizikisht e mendërisht të fortë gjatë kësaj periudhe. Meditimi, ushtrimet fizike, shokët e mirë, evitimi i lajmeve negative dhe fokusimi në gjërat pozitive të jetës, ulin stresin e përditshëm.Së fundmi, doktoreshë, çfarë rekomandoni për vetizolimin në shtëpi të njerëzve me simptoma të COVID-19?Vetizolimi, duke qenë i lehtë për njerëzit me disa dhoma në shtëpi, ku i sëmuri mund të rrijë në një dhomë vetëm e ku mund të ketë banjën e vet private, është shumë i vështirë për njerëzit që nuk e kanë atë mundësi dhe jetojnë shumë vetë në një ambient të vogël. Në shëndetësi, një ndër determinantët e sëmundshmërisë, është gjendja ekonomike e njeriut. Kështu, këshilla ime është për ata që nuk kanë mundësi të izolohen në një dhomë të tyren është që duhet ndarë dhoma me një çarçaf ose plastmase nga tavani në dysheme, në dy pjesë, njëra është pjesa ku rri i infektuari, tjetra është pjesa ku rrinë njerëzit e tjerë të shtëpisë. Dhe askush nuk hyn e del në zonën e infektuar. I infektuari të mbajë maskë ose një shall rreth gojës e hundës gjatë tërë kohës. Për banjën, të mbahet një shishe spërkatëse, ku të jenë përzierë një kupë solucion klorine, në 5 kupa ujë dhe të sprucohen gjithë sipërfaqet e tualetit, lavamanit, rubinetet, pasi i infektuari ta ketë përdorur atë. Rrobat e rrugicat, me të cilat ka qenë në kontakt i sëmuri, të mos shkunden. Rrobat të lahen në ujë të nxehtë me sapun dhe gjërat që nuk lahen të nxirren në diell. Rrezet ultraviolet e shkatërrojnë virusin. Virusin, pavarësisht se mund ta kesh marrë në duar a në rroba, nuk duhet pasur frikë. Virusi ka nevojë për ne. Ai nuk replikohet dot as në duart tona e as në rrobat tona. Virusi ka nevojë për mukozën e hundës e të gojës tonë e për konjunktivën e syve tanë. Po qe se nuk e transportojmë vetë atje, merr fund. Të dashur bashkatdhetarë dhe lexues, kjo periudhë do kalojë, herët a vonë. Eventualisht sanksionet do ngrihen dhe jeta do nisë normalitetin, pavarësisht se për një periudhë të gjatë normaliteti do jetë ndryshe nga ai që kemi njohur. Për një periudhë kohe nuk do japim dorën apo përqafojmë shokët e miqtë. Do i bëjmë pazaret apo transaksionet e përditshme në distanca 2 metër nga të tjerët. Do dalim jashtë me maska. Do t’i lajmë duart sikur të jemi kirurgë. Nuk do t’i bëjmë dasmat e vdekjet ashtu siç e kemi zakon. Por që të ngrihen sanksionet, duhet të demonstrojmë si bashkësi që jemi të përgjegjshëm dhe që e mbrojmë njëri-tjetrin si një trup i vetëm, duke ndjekur këshillat e Shëndetit Publik dhe të ekspertëve. Sa më shumë të përgjegjshëm të tregohemi, aq më shpejt do dalim nga kjo situatë. Ju uroj shëndet të plotë dhe forcë!",2376,0.9999,0.0001,real,likely_real,0.0001,real,likely_real,0.0,False,False,False
fake_1932,fake,low_probability_fake,title_plus_first_paragraph_proxy,Titull + 120 fjalët e para,Flet mjekja shqiptare në Kanada: Si të trajtoni virusin në kushtet e shtëpisë,"Në një intervistë dhënë për gazetën, doktoresha e vë theksin në masat parandaluese, siç janë distancimi social, mbajtja e maskave dhe larja e shpeshtë e duarve. “Është shumë më e thjeshtë ta parandalosh këtë virus sesa ta mjekosh atë. Lufta e vërtetë e këtij virusi, fronti i parë i luftës, është në komunitet, në çdo shtëpi, te çdo individ. Spitali është fronti i fundit”, shton doktoresha. Me rëndësi po ashtu është edhe menaxhimi i stresit dhe gjumi i rregullt. “Ajo që shkakton vdekjen, nuk është virusi, është përgjigjja jonë imunitare, që ka për qëllim të vrasë virusin, por në proces e sipër, vret dhe njeriun”, vë në",120,0.4617,0.5383,fake,uncertain,0.0001,real,likely_real,0.5382,True,True,True
fake_1932,fake,low_probability_fake,short_46_words,Versioni rreth 46 fjalë,Flet mjekja shqiptare në Kanada: Si të trajtoni virusin në kushtet e shtëpisë,"Në një intervistë dhënë për gazetën, doktoresha e vë theksin në masat parandaluese, siç janë distancimi social, mbajtja e maskave dhe larja e shpeshtë e duarve. “Është shumë më e thjeshtë ta parandalosh",46,0.1073,0.8927,fake,likely_fake,0.0001,real,likely_real,0.8926,True,True,True
fake_1932,fake,low_probability_fake,title_only,Vetëm titulli,Flet mjekja shqiptare në Kanada: Si të trajtoni virusin në kushtet e shtëpisë,,13,0.0761,0.9239,fake,likely_fake,0.0001,real,likely_real,0.9238,True,True,True
fake_33,fake,mid_high_probability_fake,full,Teksti i plotë,Njihuni Me Shqiptarën E Parë Që U Bë Milionere Me Bitcoin (FOTO),"Një shqiptare duket se u bë milionere me investimet e saj në kriptovaluta.Kështu, të paktën, bëhet e ditur me anë të një postimi në Facebook nga Valbona Pacolli.“Urime princesha ime, jam shumë krenare që e arrite sot këtë sukses.Përveç babit, tani na u bëre edhe ti milionere”, shkruan në një profil në Facebook me emrin Valbona Pacolli, në një postim publik.Në këtë rast, Valbona i referohet një vajze me emrin Linda Pacolli.Madje, në një koment, Valbona jep detaje për investimet e vajzës.“Ne keto caste po me kujtohet kur ka investuar Linda ne vitin 2013, 1 BTC 11€ ka qene (sot eshte aty pran 8000€) dhe une edhe pse si nje intelektuale, prap nuk kisha degjuar per valutat virtuale ne ate kohe asgje dhe kur me tregoj vajza qe te gjitha parat e dhuruara gjate vitit te ri i ka investuar se bashku me babin e saj ne BTC, shume jam ankuar por sot kam ndryshuar mendim dhe i kerkoj falje vajzes time publikishte sepse eshte treguar me e zgjuar se une ne kete rast prandaj krenohem me princeshen time”, shkruan ajo në koment.Në fotografinë e publikuar shihet teksa vlera e kriptovalutave që posedon ajo ka kaluar 1 milionë dollarë.",213,0.2894,0.7106,fake,likely_fake,0.7106,fake,likely_fake,0.0,False,False,True
fake_33,fake,mid_high_probability_fake,title_plus_first_paragraph_proxy,Titull + 120 fjalët e para,Njihuni Me Shqiptarën E Parë Që U Bë Milionere Me Bitcoin (FOTO),"Një shqiptare duket se u bë milionere me investimet e saj në kriptovaluta.Kështu, të paktën, bëhet e ditur me anë të një postimi në Facebook nga Valbona Pacolli.“Urime princesha ime, jam shumë krenare që e arrite sot këtë sukses.Përveç babit, tani na u bëre edhe ti milionere”, shkruan në një profil në Facebook me emrin Valbona Pacolli, në një postim publik.Në këtë rast, Valbona i referohet një vajze me emrin Linda Pacolli.Madje, në një koment, Valbona jep detaje për investimet e vajzës.“Ne keto caste po me kujtohet kur ka investuar Linda ne vitin 2013, 1 BTC 11€ ka qene (sot eshte aty pran 8000€) dhe une",120,0.2738,0.7262,fake,likely_fake,0.7106,fake,likely_fake,0.0156,False,False,True
fake_33,fake,mid_high_probability_fake,short_46_words,Versioni rreth 46 fjalë,Njihuni Me Shqiptarën E Parë Që U Bë Milionere Me Bitcoin (FOTO),"Një shqiptare duket se u bë milionere me investimet e saj në kriptovaluta.Kështu, të paktën, bëhet e ditur me anë të një postimi në Facebook nga Valbona Pacolli.“Urime princesha ime, jam shumë",46,0.1351,0.8649,fake,likely_fake,0.7106,fake,likely_fake,0.1543,False,False,True
fake_33,fake,mid_high_probability_fake,title_only,Vetëm titulli,Njihuni Me Shqiptarën E Parë Që U Bë Milionere Me Bitcoin (FOTO),,12,0.0068,0.9932,fake,likely_fake,0.7106,fake,likely_fake,0.2826,False,False,True
true_176,real,mid_high_probability_fake,full,Teksti i plotë,"Ministri Reçica viziton OVL-në, të lejohet përfitimi i pensioneve","Ministri i Punës dhe Mirëqenies, Skender Reçica, sot ka vizituar Organizatën e Veteranëve të Luftës së UÇK-së.Reçica është takuar me kryetarin e organizatës, Hysni Gucati, ku kanë diskutuar për gjendjen e veteranëve në këtë situatë pandemike, shkruan “Bota Sot”.Ministri dhe Gucati kanë biseduar edhe për nisma të ndryshme, për mundësinë që të gjithë veteranët të punojnë në sektore private, si dhe lejimin e përfitimit të pensioneve meritore për familjes e dëshmorve dhe invalidëve të luftës.Postimi i plotë:Si çdo herë, edhe sot u ndjeva krenar gjatë vizitës që i bëra Organizatës së Veteranëve të Luftës së Ushtrisë Çlirimtare të Kosovës. Bashkë me kryetarin e kësaj organizate të respektuar, z. Hysni Gucati diskutuam për gjendjen e veteranëve në ketë situatë të vështirë pandemike dhe tema tjera me interes të përbashkët.Kryetarin Gucati e njoftova dhe mora mbështetjen e plotë të tij për nismat tona lidhur me ndryshimet e nevojshme ligjore që ua mundëson të gjithë veteranëve të luftës së UÇK-së të drejtën për të punuar ne sektorin privat, si dhe për lejimin e përfitimit edhe të pensioneve meritor për familjet e dëshmorëve dhe invalidët e luftës.Me kryetarin Gucati u dakorduam dhe u dhashë mbështetje që të gjitha hallet dhe kërkesat e tyre do realizohen konform mundësive tona buxhetore dhe legjislacionit në fuqi.",224,0.9256,0.0744,real,likely_real,0.0744,real,likely_real,0.0,False,False,True
true_176,real,mid_high_probability_fake,title_plus_first_paragraph_proxy,Titull + 120 fjalët e para,"Ministri Reçica viziton OVL-në, të lejohet përfitimi i pensioneve","Ministri i Punës dhe Mirëqenies, Skender Reçica, sot ka vizituar Organizatën e Veteranëve të Luftës së UÇK-së.Reçica është takuar me kryetarin e organizatës, Hysni Gucati, ku kanë diskutuar për gjendjen e veteranëve në këtë situatë pandemike, shkruan “Bota Sot”.Ministri dhe Gucati kanë biseduar edhe për nisma të ndryshme, për mundësinë që të gjithë veteranët të punojnë në sektore private, si dhe lejimin e përfitimit të pensioneve meritore për familjes e dëshmorve dhe invalidëve të luftës.Postimi i plotë:Si çdo herë, edhe sot u ndjeva krenar gjatë vizitës që i bëra Organizatës së Veteranëve të Luftës së Ushtrisë Çlirimtare të Kosovës. Bashkë me kryetarin e kësaj organizate të respektuar,",120,0.8212,0.1788,real,likely_real,0.0744,real,likely_real,0.1044,False,False,True
true_176,real,mid_high_probability_fake,short_46_words,Versioni rreth 46 fjalë,"Ministri Reçica viziton OVL-në, të lejohet përfitimi i pensioneve","Ministri i Punës dhe Mirëqenies, Skender Reçica, sot ka vizituar Organizatën e Veteranëve të Luftës së UÇK-së.Reçica është takuar me kryetarin e organizatës, Hysni Gucati, ku kanë diskutuar për gjendjen e veteranëve në këtë situatë pandemike,",46,0.3078,0.6922,fake,uncertain,0.0744,real,likely_real,0.6178,True,True,False
true_176,real,mid_high_probability_fake,title_only,Vetëm titulli,"Ministri Reçica viziton OVL-në, të lejohet përfitimi i pensioneve",,9,0.1004,0.8996,fake,likely_fake,0.0744,real,likely_real,0.8252,True,True,False
true_1906,real,mid_low_probability_fake,full,Teksti i plotë,"Fansi e quajti lojtar ‘shumë të mbivlerësuar’, Toni Kross i përgjigjet në mënyrë epike","Mesfushori i Real Madridit, Toni Kroos i është përgjigjur një tifozi në Twitter i cili e ka quajtur “shumë të mbivlerësuar”.Kroos, i cili është i mirënjohur për trofetë e tij të shumtë të fituar gjatë gjithë viteve, shihet si një nga mesfushorët më të mirë të një brezi.Duke fituar një Kupë të Botës, katër tituj të Ligës së Kampionëve, La Ligan dhe Bundesligën, Kroos ka fituar çdo trofe që mund të fitohet nga një lojtar, përveç një Kampionati Evropian.Sidoqoftë, edhe pse numrat e tij janë të jashtëzakonshëm për pasime dhe asistime për një mesfushor defensiv, disa tifozë mendojnë se gjermani është i mbivlerësuar.Mesfushori u cilësua si mbivlerësuar nga një tifoz në Twtter, duke iu përgjigjur faqes së Real Madridit në Tëitter, ku Kroos u quajt një ‘maestro i mesfushës’ pranë shokëve të tij të skuadrës, Luka Modric dhe Casemiro.Edhe pse disa lojtarë mund të marrin kritikët afër zemre, Kroos në vend të kësaj bëri shaka për këtë në përgjigjen e tij, duke rënë dakord me tifozin se ai ishte i mbivlerësuar, por se kjo nuk duhet t’i thuhet askujt.“Po, por mos ia thuaj askujt”, ishte përgjigja epike e Kroosit ndaj tifozët që e cilësoi si të mbivlerësuar.Ndryshe, mesfushori i Los Blancos ka 26 tituj në emrin e tij duke përfshirë dy tituj të La Ligës, tre tituj të Bundesligës dhe pesë tituj të Kupës së Botës për Klube.Kroos ka përfunduar me sukses 2,184 nga 2,336 pasimet e tij, duke i dhënë një saktësi prej 93,49 për qind, që është përpara 91,75 për qind të Gerard Pique dhe 89.66 për qind të Sergio Busquets. /Telegrafi/",281,0.9793,0.0207,real,likely_real,0.0207,real,likely_real,0.0,False,False,True
true_1906,real,mid_low_probability_fake,title_plus_first_paragraph_proxy,Titull + 120 fjalët e para,"Fansi e quajti lojtar ‘shumë të mbivlerësuar’, Toni Kross i përgjigjet në mënyrë epike","Mesfushori i Real Madridit, Toni Kroos i është përgjigjur një tifozi në Twitter i cili e ka quajtur “shumë të mbivlerësuar”.Kroos, i cili është i mirënjohur për trofetë e tij të shumtë të fituar gjatë gjithë viteve, shihet si një nga mesfushorët më të mirë të një brezi.Duke fituar një Kupë të Botës, katër tituj të Ligës së Kampionëve, La Ligan dhe Bundesligën, Kroos ka fituar çdo trofe që mund të fitohet nga një lojtar, përveç një Kampionati Evropian.Sidoqoftë, edhe pse numrat e tij janë të jashtëzakonshëm për pasime dhe asistime për një mesfushor defensiv, disa tifozë mendojnë se gjermani është i mbivlerësuar.Mesfushori",121,0.8751,0.1249,real,likely_real,0.0207,real,likely_real,0.1042,False,False,True
true_1906,real,mid_low_probability_fake,short_46_words,Versioni rreth 46 fjalë,"Fansi e quajti lojtar ‘shumë të mbivlerësuar’, Toni Kross i përgjigjet në mënyrë epike","Mesfushori i Real Madridit, Toni Kroos i është përgjigjur një tifozi në Twitter i cili e ka quajtur “shumë të mbivlerësuar”.Kroos, i cili është i mirënjohur për trofetë e tij të",46,0.2769,0.7231,fake,likely_fake,0.0207,real,likely_real,0.7024,True,True,False
true_1906,real,mid_low_probability_fake,title_only,Vetëm titulli,"Fansi e quajti lojtar ‘shumë të mbivlerësuar’, Toni Kross i përgjigjet në mënyrë epike",,14,0.0897,0.9103,fake,likely_fake,0.0207,real,likely_real,0.8896,True,True,False
true_248,real,high_probability_fake,full,Teksti i plotë,"Cubat e maleve, s'ka kush i bën bashkë?!","Sepse,Asnjeri prej tyre nuk ka kultur te ndërgjegjeshme demokratike.Thjeshtë nuk din dhe nuk e kuptojnë demokracin.Ata nuk mendojnë për demokracin,sjelljet e tyre nëdemokraci.Ata sjelljet dhe egot e tyre i qesin para vlerave demokratike përendimore.Sepse,Shumica nuk i kuptojn proceset demokratike zhvillimore ne vend.Ne rend te parë ata i kanë interesat e tyre personale fitimpruese,nuk hyjnë ne raporte me njeri tjetrin në çfardo pune çoftë e thjeshtë apo nacionale,pa e llogaritë interesin e tyre personal-fitimin.Këta,edhe kur levizin kot nëpër kancelarit e tyre veç mendojnë se si te pasurohën e jo se si ta shpiejn vendin përpara.Sepse,Sipas sjelljeve sikur te cubave me këta lider jemi këtu ku jemi i krmi punet kështu siç i kemi , llugë e bërllog në te gjitha anët,jemi askushi si shtet,nuk dijnë bë ba shtetë.Bile shumë shtetet na përqeshin se si nuk dijmë te bëjmë shtet.Lideret tanë ne pikë te dites dhe nates bëjnë grusht shtet ne shtetin e tyre i rrexojnë qeverit qe i ka zgjedhë populli për te mos i lenë të funksiuonuar ne emer te popullit duke sjellë qeveri minoritare qe nuk përfaqesojnë askend.Sepse,Te gjithë lidëret tanë janë te korruprtuar,te zhytur ne krimin ekonomik dhe politik.Nuk kanë kurrfarë morali e as educate për ndërtim shtet.Ata aq janë të korruptuar sa qe ia mshelin gojën njeri tjetrit se ti je i korruptuar,se ti je hajnë,se ti je plaqkitesh i pasurisë së popullit.Sepse,Lideret tanë nuk i bashkon interesi i popullit,nuk i bashkon interesi nacional kombëtare,ata i bashkon vetem krimi,korrupcioni,pirateria,hajdukllaku,sepse këto i kanë mbi interesat e kombit,mbi interesat e shtetit,janë secili ne vehte kalorses te vetmuar duke e shiluar shtetin secili sipas qejfit te tyre.Sepse,Këta lideret tanë shkojnë aq larg duke e cenuar edhe sovranitetin dhe integritetin teritorial te Kosovës.E bënë këtë me Maqedonin,e bënë këtë me Malin e Zi ku ia dhanë dhuratë Malit te Zi përkrenarën e Kosovës Çakorrin qe kurr malazezet historikisht nuk mund e morën as më luftra sepse i kishin si digë përpara kreshniket e Rugoves në mbrojtje.Nuk u bënë bashk asnjë herë,bile edhe atehere kur ndonjëri prej tyre veç i kishte shti tuxharet për ndarjën e tokave shqiptare me ata qe deshtën ta zhbijnë nga faqeja e dheut komin,e tashi deshten ti shpërblejn kriminelet për krimet dhe gjenocidin e bërë në Kosovë.Sepse,Këta lideret tanë kurr s'po muj bëhën bashku për shkak te egos se tyre te prishëtë,për shkak te bajraktarizmit primitiv qe secili donë me dalë dhe nejtë i pari bash si në mesjetë bajraktar fisesh.Secili nga këta nuk bëhën bashk sepse shpirterishte jan te prishtë,maksimalisht te paedukatë dhe të pakulturuar duke share publikishte fjalë te pista,janë te pa shkollë por qe shumë prej tyre i blenë do shkolla pas luftes,e kur i pa shkolli i fiton milionat e grabitur,te vjedhur, ai siç thotë populli nuk e njefë as babën e vetë e le më shtetin e vetë.Sepse,Liderët tanë kurr nuk bëhën bashk,ata erdhën akcidentalisht si cubat nga malet ne skenën politike,erdhën me force,e jo me dije e mençuri,dhe po sillën kështu siç po sillën ne skenën e mbrendshme por edhe te ate te jashtme politike.Pra,me fjalë tjera këta lider e bënë prrallë për pesë pare në botë,dhe mu për shkak te këtyre bota veç ka nisë te na harrojë,te mos na përfillë.Këta liderët tanë me mentalitet te shpellave populli duhet qe sa më pare ti flake jashtë,sepse me ta Kosova nuk ka te ardhmë te ndritur.",624,0.2492,0.7508,fake,likely_fake,0.7508,fake,likely_fake,0.0,False,False,False
true_248,real,high_probability_fake,title_plus_first_paragraph_proxy,Titull + 120 fjalët e para,"Cubat e maleve, s'ka kush i bën bashkë?!","Sepse,Asnjeri prej tyre nuk ka kultur te ndërgjegjeshme demokratike.Thjeshtë nuk din dhe nuk e kuptojnë demokracin.Ata nuk mendojnë për demokracin,sjelljet e tyre nëdemokraci.Ata sjelljet dhe egot e tyre i qesin para vlerave demokratike përendimore.Sepse,Shumica nuk i kuptojn proceset demokratike zhvillimore ne vend.Ne rend te parë ata i kanë interesat e tyre personale fitimpruese,nuk hyjnë ne raporte me njeri tjetrin në çfardo pune çoftë e thjeshtë apo nacionale,pa e llogaritë interesin e tyre personal-fitimin.Këta,edhe kur levizin kot nëpër kancelarit e tyre veç mendojnë se si te pasurohën e jo se si ta shpiejn vendin përpara.Sepse,Sipas sjelljeve sikur te cubave",120,0.1379,0.8621,fake,likely_fake,0.7508,fake,likely_fake,0.1113,False,False,False
true_248,real,high_probability_fake,short_46_words,Versioni rreth 46 fjalë,"Cubat e maleve, s'ka kush i bën bashkë?!","Sepse,Asnjeri prej tyre nuk ka kultur te ndërgjegjeshme demokratike.Thjeshtë nuk din dhe nuk e kuptojnë demokracin.Ata nuk mendojnë për demokracin,sjelljet e tyre nëdemokraci.Ata sjelljet dhe egot e tyre i qesin para vlerave demokratike",46,0.1113,0.8887,fake,likely_fake,0.7508,fake,likely_fake,0.1379,False,False,False
true_248,real,high_probability_fake,title_only,Vetëm titulli,"Cubat e maleve, s'ka kush i bën bashkë?!",,8,0.0442,0.9558,fake,likely_fake,0.7508,fake,likely_fake,0.205,False,False,False
true_783,real,low_probability_fake,full,Teksti i plotë,"“Nëntori i dytë”, ja pse u hoq pjesa kur Isa Boletini luftonte me serbët","Eriona Vyshka, specialiste në Arkivin Qendror të Filmit tregon mbi kërkimet për të gjetur pjesën e censuruar nga filmi “Nëntori i dytë” të cilën regjisori Viktor Gjika e përmend në kujtimet e tijNë fillim të viteve 80-të regjisorit Viktor Gjika, në prag të jubileut të 70-të të Pavarësisë së vendit, do ti linte idea për të realizuar një prodhim kinematografik mbi ngjarjen më të rëndësishme për shqiptarët.Regjisor i suksesshëm në ato vite, emri i të cilit mbante firmën e filmave si “I teti në bronz”, ”Gjeneral gramafoni”, “Në çdo stinë”, “Njeriu me top”, etj, Gjika kërkonte një tjetër sfidë në karrierën e tij si artist.Atë, të ekranizimit të udhëtimit të Ismail Qemalit drejt Vlorës, për të shpallur më 28 nëntor 1912-tën pavarësinë e Shqipërisë.Në kujtimet e lëna pas, regjisori tregon për këtë moment:“Deri në ato vite angazhimi në një vepër të tillë ishte i paprecedentë nga ana e kinematografisë shqiptare.Deri atëherë nuk ishte realizuar asgjë në këtë temë, nuk ishte shkruar asnjë dramë, roman apo tregim, as në lëmin e arteve figurative, nuk kishte ndonjë portret apo tablo e aq më tepër në fushën e muzikës së kultivuar.Për ccudi edhe në historiografinë shqiptare nuk kishte shumë materiale, studime e botime.Në duart e mia kisha vetëm librushkën “Ismail Qemali”, të shkruar nga Skënder Luarasi, një shirit me këngë popullore e shumë pak fotografi.Si i thonë fjalës i “hyra detit në këmbë”, shkruan Gjika në kujtime.Teksa flet për vështirësitë e këtij realizimi, kastën e aktorëve më të cilët punoj, ku veçon Sandër Prosin në rolin e Isa Boletinit, regjisori flet për herë të parë për ekzistencën e një pjese të censuruar të filmit.“E vetmja vështirësi që nuk u kapërcye dot ishte vendimi i Komisionit të Kontrollit Paraprak për të hequr nga filmi episodin “Beteja tek ura me tre harqe”, në të cilën Isa Boletini detyrohet të ndeshet me ushtarët serbë, që të hapë rrugën për të qenë prezent në momentin e Shpalljes së Pavarësisë.Ishte pikërisht kjo betejë që e çoi Isën në Vlorë dy ditë me vonesë.Episodi ishte mjaft dramatik. Peisazhi i ashpër malor, ura antike, lumi plot ujëra të turbullta, përleshja trup më trup aty mbi urë dhe kapja rob e ndëshkimi i oficerit serb Mitrovcç, masakruesi i kosovarëve në fillim të filmit, e bënin atë episod sipas kolegëve të mi që arritën ta shohin filmin e pacensuruar, një nga më të bukurit të xhiruar prej meje në kinematografi.Po nuk qe e thënë! U ngul këmbë që episodi të hiqej, ndryshe filmi nuk do të shfaqej”, shkruan Gjika në kujtime.Ai shkruan se heqja e këtij episodi pas censurimeve që kishte pasur në filma si “Gjeneral gramafoni” dhe “Yjet e netëve të gjata” si “Plaga e tretë e Gjergj Elez Alisë”, plagë që do ti hapej sa herë që shihte filmin.“Më dukej se nuk rezistova sa duhet për ta mbrojtur episodin.Ndoshta kishte ndikuar dhe lodhja e tepërt e akumuluar gjatë krijimit të një filmi të vështirë.Përveç kësaj më dukej sikur kisha treguar vetëm një pjesë të vogël të së vërtetës mbi Ismail Qemalin.E unë kisha kaq shumë për ti thënë shikuesit shqiptar.Jeta e personazhit tim ishte aq e pasur sa nuk mund të hynte në një film, të vetëm artistik.Kjo dhembje më shoqëroi 15 vjet”, shkruan Gjika.Në kuadër të 85-së vjetorit të pavarësisë ai do të realizonte një film të plotë dokumentar mbi Ismail Qemalin, ku do të përfshinte edhe xhirime të realizuara në Stamboll me Sandër Prosin që s’kishte mundur ti përfshinte në film.Pas viteve 90-të pati përpjekje për tu gjetur pjesa e censuruar në filmin “Nëntori i Dytë”,i cili tashmë është dhe i restauruar.Gjika u nda nga jeta në vitin 2009-të, pa mundur ta rishihte edhe njëherë betejën fatale të Isa Boletinit, të cilën e kompozoi aq bukur, teksa kërkonte ti jepte jetë historisë.Eriona Vyshka, specialiste në Arkivin Qendror të Filmit, dhe njohëse e mirë e kinematografisë vjen më poshtë në një bisedë për të treguar mbi kërkimet e bëra për pjesë e munguar tek “Nëntori i dytë”…Eriona, ju jeni marrë me gjetjen e pjesës së humbur nga filmi “Nëntori i dytë”, pjesë të cilën vetë regjisori Viktor Gjika e konfirmon teksa flet për filmin në kujtimet e tij.Ku janë bërë kërkimet, dhe cili ishte fati i tyre?Në vitin 2012, më rastin e 100 vjetorit të Pavarësisë së Shqipërisë, me nismën e Projektit të Kinemasë Shqiptare u bë i mundur restaurimi i filmit “Nëntori i dytë”.Gjatë punës përgatitore të këtij projekti, ne u përpoqëm të vinim në vend të gjitha defektet apo “pengjet”, që kishin autorët në kohën e prodhimit të filmit në vitin 1982, sepse në fund të fundit, ky është edhe qëllimi i një pune restauruese.Një nga gjërat kryesore që duhej ndrequr, ishte ri-përfshirja në film e një episodi të filmit që ishte xhiruar por më pas ishte hequr para se filmi të merrte miratimin përfundimtar nga autoritetet e kohës dhe të dilte në publik.Kërkimet për episodin e humbur nisën me dëshmitë e kohës dhe leximin e ri-leximin e kujtimeve të Viktor Gjikës dhe autorëve të tjerë, bisedave me operatorin Lionel Konomi, kërkimi për të kontaktuar me regjisoren e montaxhit Marika Vila, e cila jeton në SHBA, si dhe kalimin në sitë të kutive të filmave në magazinat e AQSHF-së për të hequr dyshimet për ngatërresa të mundshme, në etiketimet e kutive të filmit.Për fat të keq, metrat e filmit nuk u gjetën dhe mendojmë se për fatin e tyre dy janë mundësitë ose janë asgjësuar, siç ndodhte rëndom në Kinostudio me materialet që dilnin jashtë përdorimit pas përfundimit të procesit të montazhit, ose gjendet nëpër kuti pa etiketa apo me etiketa të gabuara në magazinat e Albafilmit, të cilat këto 20 vitet e fundit e kanë ndryshuar shpeshherë vendndodhjen për t’i bërë vend ndryshimeve strukturore dhe logjistike që kanë ndodhur në zonën e ish-Kinostudios.Çfarë përmbante pjesa e humbur e filmit?Ky ishte episodi i betejës së Isa Boletinit dhe njerëzve të tij me serbët.Ai ishte nisur nga Kosova për të ardhur në Vlorë për shpalljen por nuk e arriti datën 28 pikërisht se u vonua duke luftuar në këtë betejë, e kështu arriti 2 ditë pas shpalljes së Pavarësisë.Edhe në histori kështu ka ndodhur.Por, duke qenë se në atë kohë, në vitin 1982 kur po prodhohej filmi, marrëdhëniet me ish-Jugosllavinë ishin të acaruara, atëherë e hoqën këtë episod nga filmi, që të mos bëhej shkak për përkeqësim të marrëdhënieve, pasi në këtë betejë u bë një kasaphanë e vërtetë me serbët.Në dokumentacionin që kemi në AQSHF, ka mbetur vetëm një foto që dëshmon për këtë episod, një foto e Isa Boletinit (Reshat Arbana) dhe çetës së tij si edhe materialet e shkruara të filmit, skenari letrar dhe ai teknik në të cilin zbërdhehet episodi në fjalë. Sot, të gjitha materialet janë të disponueshme për studiuesit në AQSHF.Pak kohë më parë filmi iu nënshtrua dhe restaurimit. Çfarë i solli kjo ndërhyrje filmit?Qëllimi i një projekti restaurimi është ta kthejë veprën në identitet, duke mbetur sa më pranë origjinalit, por, njëkohësisht, ta bëjë atë të përputhshme me kërkesat aktuale të teknologjisë e, kështu, të ri-jetësojë veprën që të jetë e disponueshme për brezat që do të vijnë.Sigurisht, gjatë një procesi restaurimi lindin shumë probleme etike, sidomos përsa i përket ngjyrave dhe toneve të duhet t’i jepen imazhit, prandaj është gjithmonë mirë që regjisori apo drejtori i fotografisë të jetë i pranishëm në këtë proces, nëse do të ishte e mundur.Specialistët e laboratorit Colorlab në USA, ku u bë restaurimi në vitin 2012 bënë një punë të mrekullueshme me përpunimin dixhital të imazhit dhe ri-sjelljen e një imazhi të pastër, të qartë, të thellë, me ngjyra të gjalla dhe në përputhje me formatet e sotme të teknologjisë me rezolucion të lartë.Për herë të parë në film arrihen të shihen tonet e fytyrave të aktorëve apo stofi i veshjeve të tyre, detajet e peizazheve të natyrës shqiptare dhe krijimi i gjendjes emocionale tek publiku nëpërmjet dritëhijeve, ndriçimit të diellit, muzgut apo motit të vrenjtur, shiut e baltës.Një ndreqje tjetër në variantin e restauruar ishte edhe futja e emrit të një aktori në kreditet në fund të filmit.Amarildo Pregapuca luante rolin e djalit të postës, lajmëtarit që vraponte për të sjellë telegramet dhe njoftimet për delegatët apo udhëtimin e Ismail Qemalit, por emri i tij nuk ishte përfshirë në titrat e filmit për arsye “biografike”.Kjo gjë u ndreq në variantin e ri.Ju e keni njohur regjisorin Viktor Gjika. Si e kujtonte ai “Nëntorin e dytë”?Padyshim “Nëntori i dytë” ishte një nga veprat më të rëndësishme të krijimtarisë së Gjikës dhe fakti që ky film mbetet edhe sot një emblemë dhe ideja e publikut për pavarësinë e Shqipërisë dhe për Ismail Qemalin lidhet nga ana vizive me filmin dhe karakterin e krijuar nga Sandër Prosi, vërteton se Viktor Gjika ka pasur të drejtë ta donte fort këtë film dhe ta përjetonte shumë keq episodin e humbur të Isa Boletinit.Në fondin e Arkivit të Filmit ne ruajmë edhe 2 akte nga kinoprovat e “Nëntorit të dytë”, madje njërin nga këto, Viktor Gjika e ka xhiruar në Stamboll.Aty paraqitet Ismail Qemali duke kaluar përpara Portës së Lartë, për të treguar lobimin që ai bëri në qarqet ndërkombëtare për çështjen e pavarësisë së Shqipërisë.Këto imazhe nuk u përfshinë në film, por Gjika i përdori këto në dokumentarin e fundit që realizoi, “Gjuhë që nuk vdes” me rastin e 50-vjetorit të kinematografisë shqiptare, në vitin 2002.Është e njohur praktika e censurimit të filmave, përpara se të shfaqeshin për publikun.A janë ruajtur këto censurime,a i disponon arkivi pjesët e hequra nga filma të ndryshëm?Para se filmi të miratohej nga komisionet përkatëse dhe të dilte në publik, autoritetet siguroheshin që vepra të ishte korrekte nga ana ideologjike dhe politike.Një masë të tillë e merrnin edhe vetë autorët nëpërmjet një autocensure në procesin e tyre krijues, gjë që duhej bërë se s’bën se përndryshe jo vetëm që vepra e tyre nuk e shihte dritën e kinemasë por rrezikohej edhe jeta e tyre.Disa prej tyre e kamuflonin të vërtetën që donin të rrëfenin nëpërmjet metaforave apo mjeteve të tjera shprehëse artistike.Piro Milkani tregon gjithnjë se si regjisorët prisnin me ankth kthimin e projeksionistit të Kinostudios nga shfaqja e parë në Komitetin Qendror dhe e lexonin miratimin apo rrëzimin e filmit, nga shprehja e fytyrës së projeksionistit, sapo zbriste nga makina e Kinostudios me projektorin portativ në sup.Për fat të keq, pjesët e censuruara asgjësoheshin menjëherë.Ndonjëherë, brenda Kinostudios ekzistonte një censurë edhe më e fortë se ajo që ushtrohej nga Komiteti Qendror.Një masakër e vërtetë ka ndodhur edhe me filmat e huaj… para se të dilnin në kinema për publikun kalonin nëpërmjet gërshërës në montazh, ku “qetheshin” të gjitha skenat të ashtuquajtura “degjeneruese” që nga puthjet apo kontaktet e tjera fizike e deri te skenat e dhunës, sa që ka plot raste kur filmit i ka humbur kuptimi prej mungesës së skenave.Çfarë është bërë për gjetjen e tyre?Para disa vjetësh, regjisori Kristaq Dhamo erdhi në Arkivin e Filmit me pjesë të hequra nga filmi i tij “Brazdat”, pjesë të cilat i kish ruajtur në shtëpi.Mbase kjo ishte mënyra më e mirë për t’i ruajtur pjesët e censuruara, por të paktë janë regjisorët që e bënë këtë.Duke punuar me regjisoren e montazhit të AQSHF-së, Nazmije Gazheli, Dhamo e ri-montoi filmin “Brazdat”, duke i futur sërish pjesët e hequra.Por, fatkeqësisht, ky është rasti i parë dhe i vetëm i gjetjes dhe ri-përdorimit të tyre.",1952,0.9998,0.0002,real,likely_real,0.0002,real,likely_real,0.0,False,False,True
true_783,real,low_probability_fake,title_plus_first_paragraph_proxy,Titull + 120 fjalët e para,"“Nëntori i dytë”, ja pse u hoq pjesa kur Isa Boletini luftonte me serbët","Eriona Vyshka, specialiste në Arkivin Qendror të Filmit tregon mbi kërkimet për të gjetur pjesën e censuruar nga filmi “Nëntori i dytë” të cilën regjisori Viktor Gjika e përmend në kujtimet e tijNë fillim të viteve 80-të regjisorit Viktor Gjika, në prag të jubileut të 70-të të Pavarësisë së vendit, do ti linte idea për të realizuar një prodhim kinematografik mbi ngjarjen më të rëndësishme për shqiptarët.Regjisor i suksesshëm në ato vite, emri i të cilit mbante firmën e filmave si “I teti në bronz”, ”Gjeneral gramafoni”, “Në çdo stinë”, “Njeriu me top”, etj, Gjika kërkonte një tjetër sfidë në karrierën e tij si artist.Atë,",121,0.7888,0.2112,real,likely_real,0.0002,real,likely_real,0.211,False,False,True
true_783,real,low_probability_fake,short_46_words,Versioni rreth 46 fjalë,"“Nëntori i dytë”, ja pse u hoq pjesa kur Isa Boletini luftonte me serbët","Eriona Vyshka, specialiste në Arkivin Qendror të Filmit tregon mbi kërkimet për të gjetur pjesën e censuruar nga filmi “Nëntori i dytë” të cilën regjisori Viktor Gjika e përmend në kujtimet e",46,0.1523,0.8477,fake,likely_fake,0.0002,real,likely_real,0.8475,True,True,False
true_783,real,low_probability_fake,title_only,Vetëm titulli,"“Nëntori i dytë”, ja pse u hoq pjesa kur Isa Boletini luftonte me serbët",,14,0.0085,0.9915,fake,likely_fake,0.0002,real,likely_real,0.9913,True,True,False
