article_id,pair_id,true_label,true_label_name,predicted_label,prediction,probability_real,probability_fake,predicted_confidence,error_type,title,content_excerpt,word_count,source_markers_found,sensational_words_found,diacritic_ratio,uppercase_ratio,exclamation_count,is_high_confidence_error,is_near_50_error,is_uncertain_35_65,interpretation
true_46,46,0,real,1,fake,0.496227,0.503773,0.503773,false_positive,"Reagon Mimoza Kusari për sulmin ndaj deputetit të VV-së: Kur ju iku marrja, ju iku edhe mendja e gënjejnë pa turp","Deputetja e Kuvendit të Kosovës, Mimoza Kusari, ka reaguar pas publikimit të pamjeve të sulmit ndaj deputetit të VV-së në hollin e Kuvendit të Kosovës.Ajo në postimin e saj në Facebook, ka shkruar se kur ju iku marrja, ju iku edhe mendja e gënjejnë pa turp.Postimi i plotë:Si duken goditjet tinëzare ",118,,,0.051163,0.04142,0,False,True,True,"Mund të jetë ngatërruar sepse është relativisht i shkurtër. TF-IDF njeh modele fjalësh, jo vërtetësinë faktike."
true_64,64,0,real,1,fake,0.49073,0.50927,0.50927,false_positive,"Thaçi viziton familjen e Murat dhe Enver Halitit, ndan urdhërin “Hero i Kosovës”","Presidenti i vendit, Hashim Thaçi, sot ka vizituar familjen e Murat dhe Enver Halitit.Thaçi ka shkruar se, familja Haliti ishte shpesh herë strehë e grupimit të tyre, shkruan “Bota Sot”.Presidenti ka ndarë urdhërin “Hero i Kosovës” për familjen Haliti, siç shkruan ai vendi ku u rritën dhe u edukuan ",148,,,0.05618,0.053073,0,False,True,True,"Mund të jetë ngatërruar sepse ka nivel relativisht të lartë kapitalizimi. TF-IDF njeh modele fjalësh, jo vërtetësinë faktike."
true_212,212,0,real,1,fake,0.422583,0.577417,0.577417,false_positive,"I moshuari nga Ferizaj akuzon shumë rëndë Thaçin dhe Veselin, kërkon të hiqet fotografia e tyre","Pas propozimit të aktakuzës nga Gjykata Speciale ndaj presidentit, Hashim Thaçi dhe kreut të PDK-së, Kadri Veseli, aktakuzë në të cilën ndër tjerash Thaçi dhe Veseli akuzohen edhe për vrasjen e kundërshtarëve politikë, në Kosovë vërshuan të shpërndahen dhe të vendosen fotografitë e tyre nëpër objekt",118,,,0.067961,0.052542,0,False,False,True,"Mund të jetë ngatërruar sepse ka nivel relativisht të lartë kapitalizimi; është relativisht i shkurtër. TF-IDF njeh modele fjalësh, jo vërtetësinë faktike."
true_221,221,0,real,1,fake,0.350659,0.649341,0.649341,false_positive,"Emocionuese, mërgimtari takohet me prindërit pas pesë vitesh","Mërgimtarët tanë shpeshherë përballen me gjëra nga më të ndryshmet, e njëra ndër to është edhe malli për prindërit e atdheun.Ata shumicën e rasteve, detyrohen të qëndrojnë kohë të gjatë pa u parë me të afërmit e tyre.Pas pesë vitesh e gjysmë, një mërgimtar është kthyer në Kosovë, ku ka takuar prindë",151,,,0.063452,0.0208,0,False,False,True,"Mund të jetë ngatërruar sepse fjalori i tekstit real mund t'i ngjajë artikujve fake. TF-IDF njeh modele fjalësh, jo vërtetësinë faktike."
true_232,232,0,real,1,fake,0.145042,0.854958,0.854958,false_positive,Këshilltari i Bidenit e vlerëson lart Thaçin,"Michael Carpenter, këshilltar i Joe Biden, kandidatit për president të SHBA-së, si dhe njohës i çështjeve për Rusi, Euro Azi dhe Ballkanin Perëndimor, ka thënë se ende është herët të konstatohet për fituesin e zgjedhjeve presidenciale, ndonëse tani Biden ka një epërsi ndaj kundër",211,deklaroi,,0.0,0.041966,0,False,False,False,"Mund të jetë ngatërruar sepse fjalori i tekstit real mund t'i ngjajë artikujve fake. TF-IDF njeh modele fjalësh, jo vërtetësinë faktike."
true_248,248,0,real,1,fake,0.426276,0.573724,0.573724,false_positive,"Cubat e maleve, s'ka kush i bën bashkë?!","Sepse,Asnjeri prej tyre nuk ka kultur te ndërgjegjeshme demokratike.Thjeshtë nuk din dhe nuk e kuptojnë demokracin.Ata nuk mendojnë për demokracin,sjelljet e tyre nëdemokraci.Ata sjelljet dhe egot e tyre i qesin para vlerave demokratike përendimore.Sepse,Shumica nuk i kuptojn proceset demokratike zh",624,sipas,,0.051439,0.014957,1,False,False,True,"Mund të jetë ngatërruar sepse përdor pikëçuditëse. TF-IDF njeh modele fjalësh, jo vërtetësinë faktike."
true_412,412,0,real,1,fake,0.45507,0.54493,0.54493,false_positive,"Ischinger lobon për heqjen e vizave, von Cramon i reagon: Mos harro t’ua thash këtë Macronit dhe Rutte’s","Diplomati gjerman, Wolfgang Ischinger, ka kërkuar liberalizim të vizave për Kosovën.Ai përmes një postimi në Twitter ka thënë seliberalizimi i vizave për qytetarët e Kosovës është premtim i paplotësuar iBashkimit Evropian.Duke shpërndarë një postim të vitit 2018 tëKomisionit Evropian përmes së cilit",170,,,0.066482,0.046275,0,False,True,True,"Mund të jetë ngatërruar sepse fjalori i tekstit real mund t'i ngjajë artikujve fake. TF-IDF njeh modele fjalësh, jo vërtetësinë faktike."
true_463,463,0,real,1,fake,0.486336,0.513664,0.513664,false_positive,"Gjyste Vulaj sfidon moshën, me foton e fundit la edhe njëherë nën hije vajzat e reja","Gjyste Vulaj duket tejet atraktive në foton e fundit.Këngëtarja e njohur shqiptare, Gjyste Vulaj, karrierën muzikore e ka nisur herët.Mirëpo ani pse ka kaluar kohë prej kur ajo është në skenë ajo nuk di të ndalet madje po e sfidon edhe moshën për nga paraqitja e jashtme.Ajo së fundmi e ka publikuar ",113,,,0.054662,0.023857,0,False,True,True,"Mund të jetë ngatërruar sepse është relativisht i shkurtër. TF-IDF njeh modele fjalësh, jo vërtetësinë faktike."
true_465,465,0,real,1,fake,0.377483,0.622517,0.622517,false_positive,Zgjerimi i familjes? Milot Rashica flet për planet,"Futbollisti i ekipit të Kosovës Milot Rashica ishte sonte i ftuari i fundit i “NIN” për këtë sezonë.Ai shpalosi shumë detaje nga jeta e tij private në retrospektivë por edhe zhvillimet e fundit, përfshirë bërjen baba.Ndjekësit e emisionit pyetën Milotin se kur do të bëhet baba sërish.A është në plan",70,,,0.057831,0.043988,0,False,False,True,"Mund të jetë ngatërruar sepse është relativisht i shkurtër. TF-IDF njeh modele fjalësh, jo vërtetësinë faktike."
true_530,530,0,real,1,fake,0.475715,0.524285,0.524285,false_positive,Morena ‘rrëzohet’ në rrafsh,"U bë kinse nuk po sheh.Morena Taraku ka publikuar një tjetër video në Instagram, aty ku ka disa ditë që është fort aktive.Në video shihet se shumë pranë saj kishte një pishinë, ngjyra e së cilit ngjante me ngjyrën e pllakave në dysheme dhe vërtetë dukej sikur po rrëzohej.Morena hyri me syze e fustan",63,,,0.061404,0.032727,0,False,True,True,"Mund të jetë ngatërruar sepse është relativisht i shkurtër. TF-IDF njeh modele fjalësh, jo vërtetësinë faktike."
true_544,544,0,real,1,fake,0.472134,0.527866,0.527866,false_positive,"Besojeni ose jo, kjo ndërtesë nuk u shemb as me 300 kilogram tritol","Vështirë të besohet, por ja që ndodh!Inxhinierët në Turqi dështuan në rrëmimin e një ndërtese të vjetër.Ata përdorën 300 kilogramë dinamit, por kjo nuk i ndihmoi në realizimin e synimit.Të njëjtën gjë e provuan edhe një herë, por sërish dështuan.Sipas tyre, struktura e fortë dhe materiali i ngjeshur",72,sipas,,0.079518,0.027273,1,False,True,True,"Mund të jetë ngatërruar sepse përdor pikëçuditëse; është relativisht i shkurtër. TF-IDF njeh modele fjalësh, jo vërtetësinë faktike."
true_585,585,0,real,1,fake,0.471617,0.528383,0.528383,false_positive,"Sejdiu i gatshëm të kandidojë për president, nëse dorëhiqet Thaçi","Ish-presidenti i Kosovës, Fatmir Sejdiu, ka shprehur gatishmëri duke thënë se është i gatshëm t’i shërbejë Kosovës përsëri si president i vendit.“Jam i gatshëm t’i shërbejë Kosovës si president i vendit”, është shprehur Sejdiu.Tutje, Sejdiu tha se nuk ka besuar se do ketë një koalicion të qëndrueshë",152,,,0.062044,0.070444,0,False,True,True,"Mund të jetë ngatërruar sepse ka nivel relativisht të lartë kapitalizimi. TF-IDF njeh modele fjalësh, jo vërtetësinë faktike."
true_586,586,0,real,1,fake,0.462711,0.537289,0.537289,false_positive,Menjëherë fshijeni nësë ju vjen ky mesazh në telefon,"Në internet vazhdimisht qarkullojnë informacione ose gjysminformata të pavërtetuara.Problemi lind kur ato mund të rre.zikojnë shëndetin e ndokujt.Prandaj mbani kujdes, raportojnë agjencitë e huaja.Nëse merrni mesazh me këso përmbajtje ose të ngjashme, injoroni dhe fshijeni nga telefoni:“Ju lutemi, p",206,,,0.084936,0.018411,0,False,True,True,"Mund të jetë ngatërruar sepse fjalori i tekstit real mund t'i ngjajë artikujve fake. TF-IDF njeh modele fjalësh, jo vërtetësinë faktike."
true_592,592,0,real,1,fake,0.432931,0.567069,0.567069,false_positive,"Kejvina bombastike, merr gjithë vëmendjen me paraqitjen e fundit!","Modelja e njohur shqiptare Kejvina Kthella, jo rastësisht cilësohet si një nga femrat më ‘hot’ shqiptare.Ajo u bë e njohur teksa ishte pjesë e emisionit ‘Xing’, derisa mori gjithë vëmendjen me bukurinë e saj.Pastaj ajo ka vazhduar me modelimin, duke u bërë një nga modelet më ‘hot’ dhe më të kërkuara",90,,,0.049541,0.020408,1,False,False,True,"Mund të jetë ngatërruar sepse përdor pikëçuditëse; është relativisht i shkurtër. TF-IDF njeh modele fjalësh, jo vërtetësinë faktike."
true_747,747,0,real,1,fake,0.435279,0.564721,0.564721,false_positive,Endrit Thaçi reagon pasi Gjykata Speciale ngriti aktakuzë ndaj babait të tij,"Gjykata Speciale dy ditë më parë dha njoftimin se ka ngritur akta.kuzë ndaj presidentit Thaçi dhe kryetarit të PDK-së, Kadri Veselit.Reagimet ishin të shumta që nga liderët politikë e deri tek qytetarët.E tani përmes një postimi ka reaguar edhe Endrit Thaçi, djali i presidentit.Në llogarinë e tij në",92,,,0.059041,0.054054,0,False,False,True,"Mund të jetë ngatërruar sepse ka nivel relativisht të lartë kapitalizimi; është relativisht i shkurtër. TF-IDF njeh modele fjalësh, jo vërtetësinë faktike."
true_765,765,0,real,1,fake,0.473729,0.526271,0.526271,false_positive,"Sasa e “O sa mirë” plotë jetë, vitet thjeshtë numra janë për të","Adriana Matoshi, është njëra ndër aktoret më të pëlqyera shqiptare.Si rrallë herë, ajo është shfaqur e grimosur dhe me shumë stil.Kujtojmë faktin se ajo njihet për rolin e saj në serialin “O sa mirë”, ku edhe fitoi simpatinë e shumë njerëzve./Indeksonline/",57,,,0.08125,0.031496,0,False,True,True,"Mund të jetë ngatërruar sepse është relativisht i shkurtër. TF-IDF njeh modele fjalësh, jo vërtetësinë faktike."
true_786,786,0,real,1,fake,0.326817,0.673183,0.673183,false_positive,Ekskluzive: Alfred Cako zbulon vaksinën e Covid19 që shkakton vdekje dhe ndalon lindjet,Alfred Cako konspiracionisti shqiptar ishte mysafirë në emisionin ndër më të shikuarit në Kosovë “Kojshia Show”.Në minute e 8.20 të emisionit ai zbulon vaksinën që do marrim.Ndiqeni emisionin me poshtë nga minuta 8.20,46,,,0.045902,0.044898,0,False,False,False,"Mund të jetë ngatërruar sepse është relativisht i shkurtër. TF-IDF njeh modele fjalësh, jo vërtetësinë faktike."
true_808,808,0,real,1,fake,0.474963,0.525037,0.525037,false_positive,"Avdyli i del në krahë Osmanit: Kur do flasim ne të vertetën, atëherë keni me mbetë pa fjalë","Deputeti i LDK-së, Haxhi Avdyli, ka reaguar ndaj akuzave të disa individëve në adresë të familjes së kryeparlamentares, Vjosa Osmani.Ai thotë se kur këtyre shqipfolëseve shpifës iu dalin rrenat, mashtrimet, dhe iu zbulohen qëllimet e mbrapshta që pushtetin e kanë vetëm si trampolinë për pasurim pers",244,,,0.062147,0.024518,0,False,True,True,"Mund të jetë ngatërruar sepse fjalori i tekstit real mund t'i ngjajë artikujve fake. TF-IDF njeh modele fjalësh, jo vërtetësinë faktike."
true_835,835,0,real,1,fake,0.417782,0.582218,0.582218,false_positive,"Veton Surroi mbetet pa tekst, ky është reagimi i tij për aktgjykimin","Publicisti dhe shkrimtari, Veton Surroi, nuk ka pasur ndonjë koment apo analizë për atë se çfarë ka konstatuar Gjykata Kushtetuese në aktgjykimin e djeshëm rreth ankesës së Vetëvendosjes për Dekretin e presidentit Hashim Thaçi për nominimin e Avdullah Hotit për kryeministër.Surroi ka zgjedhur një th",115,,,0.058172,0.048333,0,False,False,True,"Mund të jetë ngatërruar sepse është relativisht i shkurtër. TF-IDF njeh modele fjalësh, jo vërtetësinë faktike."
true_1117,1117,0,real,1,fake,0.456587,0.543413,0.543413,false_positive,Anulohet udhëtimi i Thaçit për në Washington,"Presidenti i vendit, Hashim Thaçi, ka anuluar udhëtimin e tij për në Washington.Këtë e ka bërë të ditur i dërguari special i presidentit Trump për dialogun mes Kosovës e Serbisë, Richard Grenell, në llogarinë e tij në “Twitter”.Arsyeja e anulimit është pas njoftimit se ndaj presidentit Thaçi është n",113,,,0.063609,0.048913,0,False,True,True,"Mund të jetë ngatërruar sepse është relativisht i shkurtër. TF-IDF njeh modele fjalësh, jo vërtetësinë faktike."
true_1450,1450,0,real,1,fake,0.462254,0.537746,0.537746,false_positive,Stërvitja e parë e Valon Berishës te Reims,"Valon Berisha i është bashkuar Reimsit në stërvitje.Mesfushori i Kombëtares së Kosovës këtë verë u largua nga Lazio, për t’iu bashkuar Reimsit në Ligue 1.Pas disa ditësh pushim, Berisha sot (e martë) iu është bashkuar shokëve të skuadrës në stërvitje, shkruan lajmi.net.Te Reims, Berisha do të ketë p",88,,,0.077519,0.059809,0,False,True,True,"Mund të jetë ngatërruar sepse ka nivel relativisht të lartë kapitalizimi; është relativisht i shkurtër. TF-IDF njeh modele fjalësh, jo vërtetësinë faktike."
true_1935,1935,0,real,1,fake,0.43482,0.56518,0.56518,false_positive,Haradinaj: Nëse konfirmohen akuzat ndaj Thaçit e Veselit Kosova rrezikon të dëmtohet rëndë,"Ish-kryeministri i Kosovës, Ramush Haradinaj ka komentuar situatën e krijuar në Kosovë pasi presidenti Hashim Thaçi po intervistohet në Hagë pas aktakuzës për krime lufte.“Është një situatë e vështirë për Kosovën pasi akuzat ndaj UÇK-së e kanë burimin e parë në Beograd dhe Serbi. Nëse ndodh konfirmi",155,,,0.075132,0.053455,0,False,False,True,"Mund të jetë ngatërruar sepse ka nivel relativisht të lartë kapitalizimi. TF-IDF njeh modele fjalësh, jo vërtetësinë faktike."
fake_101,101,1,fake,0,real,0.573159,0.426841,0.573159,false_negative,"Nuk Është Parë As Dëgjuar Ndonjëherë, Nëna Lind Fëmijën Dhe Pas 2 Ditësh Merr Lajmin Që Nuk E Priste Kurrë","Qendra për akses dentar ka perjetuar eksperiencen unike me Isla-Rose, e cila ishte “pacientja më e re” që kishin parë ndonjëherë.Kjo vajzë vetëm 12 ditëshe, ka hequr dhëmbin me të cilin ka lindur.Mamaja e Isla-Rose Heasman, Jasmin, nga Plymouth, Devon SHBA, tha se ajo kurrë nuk priste që vajza të sh",163,,,0.066441,0.058571,0,False,False,True,"Mund të jetë ngatërruar sepse ka ton të përmbajtur pa shenja të dukshme clickbait; është relativisht i gjatë dhe mund të duket formal. TF-IDF njeh modele fjalësh, jo vërtetësinë faktike."
fake_234,234,1,fake,0,real,0.581785,0.418215,0.581785,false_negative,"Anulohen dasmat e muajit gusht, ja çfarë do ndodhë me dasmat !?","Pandmedia e fundit COVID-19 ka shkaktuar dëm të madh jo vetëm në aspektin financiar dhe shëndetsorë por në vendin tonë ka anuluar edhe dasmatsezonale të muajit Prill, muaj ky që ofron pushime 2 javore për mërgimtarët në Gjermani, Zvicër, Austri, Itali dhe në gjithë diasporën.Restoranet do të kenë hu",156,,,0.08161,0.025572,1,False,False,True,"Mund të jetë ngatërruar sepse është relativisht i gjatë dhe mund të duket formal. TF-IDF njeh modele fjalësh, jo vërtetësinë faktike."
fake_323,323,1,fake,0,real,0.664059,0.335941,0.664059,false_negative,"Kjo Vajzë Cdo Ditë E Puthte Këtë Të Pastrehë, Por Cfarë Bëri Plaku Për Të, Do Mbeteni Pa Fjalë","Shumë njerëz kanë një tendencë të pashpjegueshme për t’i gjykuar njerëzit shumë shpejtë, pa asnjë justifikim dhe kjo e bën botën të jetë e vrazhdë. Vetëm të mendoni si reagojmë shumë nga ne kur shohim ndonjë të pastrehë në rrugë, i pa larë, i pa rruar?Shumica e njerëzve mundohen t’i shmangen kontakt",370,,,0.079027,0.027954,0,False,False,False,"Mund të jetë ngatërruar sepse ka ton të përmbajtur pa shenja të dukshme clickbait; është relativisht i gjatë dhe mund të duket formal. TF-IDF njeh modele fjalësh, jo vërtetësinë faktike."
fake_343,343,1,fake,0,real,0.501743,0.498257,0.501743,false_negative,"Naim Abazi: Punë ka sa të duash, po rinia po kanë qef me nejt në kafe, me prit prej babës hala!","Këngëtari i njohur i Kosovës, Naim Abazi mendon se në Kosovë ka punë sa të duash, mirëpo janë rinia që nuk e dëshirojnë punën, e preferojnë kafën më shumë se sa punën, sipas Naim Abazit. Gjithashtu Naim Abazi tha se të rinjëve më shumë i pëlqen të qëndrojnë në kafe, se sa të punojnë ndonjë punë, për",96,sipas,,0.10559,0.037135,1,False,True,True,"Mund të jetë ngatërruar sepse përdor tregues burimi (sipas). TF-IDF njeh modele fjalësh, jo vërtetësinë faktike."
fake_351,351,1,fake,0,real,0.596616,0.403384,0.596616,false_negative,"Lejeni menjane ujin me limon ne mengjes, vazhdoni te konsumoni kete perberje qe po cmend te gjithe","Shafran i Indisë vjen nga rrënja e bimës kurkuma dhe përdoret gjerësisht në kuzhinën orientale. Por erëza aromatike që është e njohur edhe për vetitë e saj të forta anti-inflamatore dhe antioksiduese, përdoret dhe për pro.bleme të ndryshme shëndetësore. Sekreti i vetive shëruese të shafranit qëndron",488,,,0.064637,0.016779,1,False,False,True,"Mund të jetë ngatërruar sepse është relativisht i gjatë dhe mund të duket formal. TF-IDF njeh modele fjalësh, jo vërtetësinë faktike."
fake_354,354,1,fake,0,real,0.667237,0.332763,0.667237,false_negative,Lëngu i qepës efikas kundër katër sëmundjeve!?,"Çaji ose lëngu i qepës përgatitet nga lëkurat dhe qepës. Shtresa e jashtme e saj është shumë e pasur me një pigment të njohur si kuercetinë.Ky pigment mban rrugët e gjakut të pastra, ul tensionin e lartë dhe trajton pagjumësinë, shkruan agroweb.orgLëkurat e qepëve janë gjithashtu të pasura me antiok",270,,,0.085591,0.028316,1,False,False,False,"Mund të jetë ngatërruar sepse është relativisht i gjatë dhe mund të duket formal. TF-IDF njeh modele fjalësh, jo vërtetësinë faktike."
fake_355,355,1,fake,0,real,0.561784,0.438216,0.561784,false_negative,Mediat serbe: Serbia njeh Kosovën dhe hyn në BE,"azhdimi i bisedimeve midis Kosovës dhe Serbisë, të cilat do të zhvillohen në Washington, nën kujdesin e presidentit amerikan Donald Trump dhe emisarit të tij për një marrveshje përfundimtare mes Prishtinës dhe Beogradit, Richard Grenell po cilësohet nga mediat si dita kur Serbia dhe Kosova do nënshk",332,,,0.051074,0.068007,0,False,False,True,"Mund të jetë ngatërruar sepse ka ton të përmbajtur pa shenja të dukshme clickbait; është relativisht i gjatë dhe mund të duket formal. TF-IDF njeh modele fjalësh, jo vërtetësinë faktike."
fake_495,495,1,fake,0,real,0.5044,0.4956,0.5044,false_negative,Lajmi i fundit: Hashim Thaçi ¨tenton¨ te ia merr jeten Gani Gecit,"Ish-deputeti i Kuvendit të Republikës së Kosovës, Gani Geci, ka thënë se jeta e tij është në rrezik. Geci përmes një videoje të postuar në Facebook ka thënë se ka marrë informata nga Brukseli dhe vendet mike të Kosovës, se jeta e tij është në rrezik,.Geci ka thënë se këtë informatë e ka marrë dje, r",197,,,0.072842,0.038462,0,False,True,True,"Mund të jetë ngatërruar sepse ka ton të përmbajtur pa shenja të dukshme clickbait; është relativisht i gjatë dhe mund të duket formal. TF-IDF njeh modele fjalësh, jo vërtetësinë faktike."
fake_508,508,1,fake,0,real,0.620024,0.379976,0.620024,false_negative,Shikoni  reagimin e Leonora Jakupit për ndërtimin e xhamisë në Prishtinë,"Vjen edhe reagimi i Leonora Jakupit për ndërtimin e xhamisë në PrishtinëNdërtimi i Xhamisë së Madhe në Prishtinë ka ngjallur reagime të shumta në publik.Madje ditën e sotme pati dhe protestë të organizuar pikërisht në vendin ku do të ndërtohet.Por, mbështetje për këtë Xhami ka dhënë këngëtarja Leono",82,,,0.085193,0.044118,0,False,False,True,"Mund të jetë ngatërruar sepse ka ton të përmbajtur pa shenja të dukshme clickbait. TF-IDF njeh modele fjalësh, jo vërtetësinë faktike."
fake_515,515,1,fake,0,real,0.790672,0.209328,0.790672,false_negative,"Bac Qikat e Kosoves po na zbardhin ftyren, Kjo qe beri tash Rita Ora eshte e madhe!","Këngëtarja e kosovare me famë botërore, Rita Ora, është në mesin e artisteve që ka kërkuar nga kompania ‘Apple’ ta vendos Kosovën në hartën e saj si shtet dhe jo si pjesë të Serbisë,percjell Postlajme.Përmes një postimi në instagram, Ora ka thënë që Kosova ka shumë njerëz të talentuar dhe me famë bo",352,,,0.07021,0.048544,2,False,False,False,"Mund të jetë ngatërruar sepse është relativisht i gjatë dhe mund të duket formal. TF-IDF njeh modele fjalësh, jo vërtetësinë faktike."
fake_530,530,1,fake,0,real,0.620934,0.379066,0.620934,false_negative,Shuma marramendëse: Robert Berisha tregon sa paguhet në koncerte,"Këngëtari i njohur Robert Berisha ka qenë së fundmi i ftuar në emisionin “Treshat”, ku ka folur rreth jetës private dhe asaj profesionale.Mes të tjerash ai ka treguar dhe shumën e parave që ka fituar gjatë koncerteve, si brenda ashtu dhe jashtë vendit.Roberti ka treguar se ai fiton vetëm nga koncert",142,,,0.066327,0.027331,0,False,False,True,"Mund të jetë ngatërruar sepse ka ton të përmbajtur pa shenja të dukshme clickbait; është relativisht i gjatë dhe mund të duket formal. TF-IDF njeh modele fjalësh, jo vërtetësinë faktike."
fake_544,544,1,fake,0,real,0.784572,0.215428,0.784572,false_negative,Kur pritet t’u mundësohet qytetarëve tërheqja e parave nga Trusti?,"Pritet të kalojë një periudhë disa javore para se në Kuvendin e Kosovës të hidhet në votim Projektligji për Rimëkëmbjen Ekonomike, i cili vetëm të mërkurën e kësaj jave ka dalë në konsultim publik.Në qoftë se ky projektligj kalon në Kuvend, do të ketë përfitime dhe lehtësira për bizneset dhe për qyt",209,ministria,,0.077229,0.037109,0,False,False,False,"Mund të jetë ngatërruar sepse përdor tregues burimi (ministria); ka ton të përmbajtur pa shenja të dukshme clickbait; është relativisht i gjatë dhe mund të duket formal. TF-IDF njeh modele fjalësh, jo vërtetësinë faktike."
fake_555,555,1,fake,0,real,0.834759,0.165241,0.834759,false_negative,Kosova zë vendin e parë në Evropë si vendi me numrin më të madh të infektuarve,Në dy javët e fundit në Kosovë ka pasur një rritje të madhe të numrit të të infektuarve me COVID-19. Një gjë e tillë reflektohet edhe në tabelën e ESI (The European Stability Initiative) të cilën e kanë krijuar me të dhënat e marra nga European Center for Dissease Prevention and Control.Bazuar në të,158,sipas,,0.071269,0.068116,0,False,False,False,"Mund të jetë ngatërruar sepse përdor tregues burimi (sipas); ka ton të përmbajtur pa shenja të dukshme clickbait; është relativisht i gjatë dhe mund të duket formal. TF-IDF njeh modele fjalësh, jo vërtetësinë faktike."
fake_571,571,1,fake,0,real,0.545352,0.454648,0.545352,false_negative,E papritur:Qeveria fut në karantinë edhe katër komuna,"Mitrovicë e Jugut, Gjilan, Fushë-Kosovë dhe Shtërpcë qytetarëve u ndalohet qarkullimi nga ora 21:00 deri në ora 05:00 të mëngjesit, raporton Indeksonline.“Është miratuar edhe vendimi për ndërmarrjen e masave për qarkullimin e personave fizik jashtë shtëpive/banesave të tyre në komunat në: Mitrovicë ",98,,,0.063893,0.045541,0,False,True,True,"Mund të jetë ngatërruar sepse ka ton të përmbajtur pa shenja të dukshme clickbait. TF-IDF njeh modele fjalësh, jo vërtetësinë faktike."
fake_580,580,1,fake,0,real,0.583542,0.416458,0.583542,false_negative,Ja kur pritet te vijë Vala e dytë e Covid-19.,"Rritja e numrit të të infektuarve ka shtuar frikën e rikthimit të një vale të dytë të Covid-19.Sipas ekspertëve britanikë të shëndetësisë, vala e dytë e koronavirusit do të mbërrijë kur temperaturat të bien në 4 gradë celsius në dimër.Ato shtojnë se një gjë e tillë mund të çojë në një mbyllje të dyt",146,sipas,,0.095941,0.023256,0,False,False,True,"Mund të jetë ngatërruar sepse përdor tregues burimi (sipas); ka ton të përmbajtur pa shenja të dukshme clickbait; është relativisht i gjatë dhe mund të duket formal. TF-IDF njeh modele fjalësh, jo vërtetësinë faktike."
fake_586,586,1,fake,0,real,0.703935,0.296065,0.703935,false_negative,Përhapja e virusit nuk ndalohet me gjendjen e jashtëzakonshme.,"Eksperti i çështjeve ushtarake dhe të sigurisë, Ramadan Qehaja ka thënë se vendimi për shpalljen e gjendjes së jashtëzakonshme në momentin aktual të rrezikut nga Covid-19, është i panevojshëm dhe nuk përbën formën me të cilën do të ndalohej shpërndarja e virusit.Qehaja ka shkruar në Facebook se gjen",165,,,0.057116,0.011249,0,False,False,False,"Mund të jetë ngatërruar sepse ka ton të përmbajtur pa shenja të dukshme clickbait; është relativisht i gjatë dhe mund të duket formal. TF-IDF njeh modele fjalësh, jo vërtetësinë faktike."
fake_603,603,1,fake,0,real,0.89112,0.10888,0.89112,false_negative,Neurologët: Njerëzit me simptoma të butë të koronavirusit po pësojnë çrregullime serioze të trurit,"Mjekët mund të mos vërejnë shenjat e çrregullimeve serioze dhe fatale të trurit, që shkaktohen nga koronavirusi, pasi ato shfaqen te pacientët që kanë pak simptoma ose që shërohen, paralajmëruan shkencëtarët.Neurologët janë duke publikuar detaje të më shumë se 40 pacientëve në Mbretërinë e Bashkuar ",501,,,0.082119,0.018837,0,False,False,False,"Mund të jetë ngatërruar sepse ka ton të përmbajtur pa shenja të dukshme clickbait; është relativisht i gjatë dhe mund të duket formal. TF-IDF njeh modele fjalësh, jo vërtetësinë faktike."
fake_614,614,1,fake,0,real,0.561594,0.438406,0.561594,false_negative,LAJMI I FUNDIT -Ne kete jave po kthehemi ne Karantine?,"Ka shkuar në 1 mijë e 833 numri i rasteve të konfirmuara si të prekur me koronavirus.Vetëm sonte nga IKSHPK janë konfirmuar 77 raste të reja, nga gjithsej 437 mostra të marra nga Klinika Infektive, transmeton Indeksonline.Edhe sonte si mbrëmë numri më i madh i rasteve është nga rajoni i Prishtinës.R",465,sipas,,0.029777,0.06255,0,False,False,True,"Mund të jetë ngatërruar sepse përdor tregues burimi (sipas); ka ton të përmbajtur pa shenja të dukshme clickbait; është relativisht i gjatë dhe mund të duket formal. TF-IDF njeh modele fjalësh, jo vërtetësinë faktike."
fake_621,621,1,fake,0,real,0.762908,0.237092,0.762908,false_negative,"Pasi u martuan, gruaja mëson pse burri nuk “e prek”. Kur ai bënte dush ajo e pa hapur…","Çdo ditë na rastis të lexojmë apo të dëgjojmë nga një histori të ndryshme dhe në fund mbetemi të çuditur për ato që dëgjojmë dhe lexojmë.Secili prej nesh e ka parasysh se në vende të ndryshme në botë ka kultura të ndryshme dhe asnjë vend nuk ngjason me tjetrin, sidomos kur bëhet fjalë për martesë.Ne",280,,,0.070946,0.01448,0,False,False,False,"Mund të jetë ngatërruar sepse ka ton të përmbajtur pa shenja të dukshme clickbait; është relativisht i gjatë dhe mund të duket formal. TF-IDF njeh modele fjalësh, jo vërtetësinë faktike."
fake_629,629,1,fake,0,real,0.585139,0.414861,0.585139,false_negative,Aktorja nga Gjilani i quan kosovarët dreqër,"Është me vend që figurat publike të bëjnë thirrje për kauza të ndryshme, tu bashkohen fushatave me të cilat pajtohen, etj.Edhe në kohë pandemie, shumë figura të njohura kanë bërë thirrje për kujdes, për ruajtjen e disatance, mbajtjen e maskave, shkruan “Kosovarja”. Me rritjen e rasteve të reja dhe h",93,,,0.073801,0.020595,0,False,False,True,"Mund të jetë ngatërruar sepse ka ton të përmbajtur pa shenja të dukshme clickbait. TF-IDF njeh modele fjalësh, jo vërtetësinë faktike."
fake_638,638,1,fake,0,real,0.78584,0.21416,0.78584,false_negative,Lajmi më i ri sa i përket pagesave prej 170 eurosh për punëtorët që mbetën pa punë gjatë pandemisë!,"Kryeministri Avdullah Hoti, u ka bërë thirrje grupeve parlamentare dhe deputetëve të Kuvendit të Kosovës që të gjendet një formë për mbajtjen e seancës së Kuvendit për ta miratuar rishikimin e buxhetit.Hoti ka thënë se e di që disa deputetë dhe një pjesë e stafit të Kuvendit janë të prekur nga koron",174,,urgjente,0.072301,0.021303,1,False,False,False,"Mund të jetë ngatërruar sepse është relativisht i gjatë dhe mund të duket formal. TF-IDF njeh modele fjalësh, jo vërtetësinë faktike."
fake_655,655,1,fake,0,real,0.598769,0.401231,0.598769,false_negative,Krenar Gashi:“Avdullah Hoti Mund Të Bëhet Si Ibrahim Rugova “ ndoshta me i zoti se aj,"Krenar Gashi:“Avdullah Hoti mund të bëhet si Ibrahim Rugova “A.nalisti i mirënjohur kosovar Krenar Gashi ka bërë një sta.tus mjaft int.eresant në pr.ofilin e tij në Facebook ku ka krahasuar kr.itikat që po i jepen kryeministrit Hoti me ato që i jepeshin kryetarit të LDK-së në vitet ’90, z.Ibrahim Ru",161,sipas,,0.053872,0.051136,0,False,False,True,"Mund të jetë ngatërruar sepse përdor tregues burimi (sipas); ka ton të përmbajtur pa shenja të dukshme clickbait; është relativisht i gjatë dhe mund të duket formal. TF-IDF njeh modele fjalësh, jo vërtetësinë faktike."
fake_702,702,1,fake,0,real,0.941352,0.058648,0.941352,false_negative,LAJMI I FUNDIT – Thaçi: Nëse nuk arrihet marrëveshja me 27 qershor kjo do të ndodhë…,"Presidenti i Kosovës, Hashim Thaçi, tha në një intervistë se takimi i paralajmëruar për 27 qershor në Washington është një mundësi e artë për të arritur një marrëveshje të rëndësishme ndërmjet Kosovës dhe Serbisë.VOA: Zoti president, me 27 qershor ju dhe udhëheqësit e Serbisë jeni ftuar nga ambasado",2233,,,0.086382,0.03475,0,True,False,False,"Mund të jetë ngatërruar sepse ka ton të përmbajtur pa shenja të dukshme clickbait; është relativisht i gjatë dhe mund të duket formal. Modeli gaboi me siguri të lartë. TF-IDF njeh modele fjalësh, jo vërtetësinë faktike."
fake_713,713,1,fake,0,real,0.670469,0.329531,0.670469,false_negative,"Mixha hyri në një restorant luksoz dhe i shërben kamarierja më e mirë, por të nesërmen ajo shkarkohet pas asaj që kishte bërë!","Një shprehje thotë: “mos gjykoni një libër nga kapaku i tij”, që do të thotë pamja e jashtme e njerëzve mund të mashtrojë. Ka një histori interesante që shërben si një alegori për këtë thënie. Ani punon si kamariere në një restorant të klasit të lartë, ku klientët e vetëm janë njerëz të pasur.Konsum",489,,,0.07471,0.018868,4,False,False,False,"Mund të jetë ngatërruar sepse është relativisht i gjatë dhe mund të duket formal. TF-IDF njeh modele fjalësh, jo vërtetësinë faktike."
fake_756,756,1,fake,0,real,0.500073,0.499927,0.500073,false_negative,"Fotografi brenda Klinikës Infektive në QKUK, mjekë të lodhur e rraskapitur: Këtu as Supermeni nuk bën punë","Një qytetar ka publikuar disa fotografi të mjekëve në Klinikën Infektive të QKUK-së. Në fotot e publikuara, shihen mjekët e Klinikës Infektive, të lodhur e të djersitur, gjatë orarit të punësMegjithëse të djersitur nga puna e lodh ja, mjekët e QKUK-së po vazhdojnë të jenë në shërbimin e pacientëve t",251,,,0.075683,0.05151,0,False,True,True,"Mund të jetë ngatërruar sepse ka ton të përmbajtur pa shenja të dukshme clickbait; është relativisht i gjatë dhe mund të duket formal. TF-IDF njeh modele fjalësh, jo vërtetësinë faktike."
fake_788,788,1,fake,0,real,0.618451,0.381549,0.618451,false_negative,Albin Kurti e quan Zezaj Ministrin e Shëndetësisë,"Fjalimi i plotë i Kurtit:Të dashur qytetarë,Po ju flas këtu nga ballkoni i Lëvizjes, në pamundësi që të mbajmë tubime fizike, për shkak të rikthimit të furishëm të pandemisë së virusit Corona.Kosova sot është në gjendje të rëndë sepse kriza është e trefishtë: shëndetësia, demokracia dhe ekonomia e v",257,,,0.084615,0.023499,0,False,False,True,"Mund të jetë ngatërruar sepse ka ton të përmbajtur pa shenja të dukshme clickbait; është relativisht i gjatë dhe mund të duket formal. TF-IDF njeh modele fjalësh, jo vërtetësinë faktike."
fake_789,789,1,fake,0,real,0.702736,0.297264,0.702736,false_negative,"Zemaj deputetëve të VV’së: Ju jeni shëtit me paramilitarë, unë jam nip i Mic Sokolit","Ministri i Shëndetësisë Armend Zemaj u është përgjigjur kritikave të shumta të deputetëve të Vetëvendosjes për keqmenaxhim të pandemisë Covid-19, me të kaluarën gjatë luftës.Tha se ‘edhe kjo ka të bëjë me pandeminë’ dhe akuzoi deputetët e VV’së për ‘shëtitje me paramilitarë’ në kohën e luftës në Kos",246,,,0.07148,0.048007,0,False,False,False,"Mund të jetë ngatërruar sepse ka ton të përmbajtur pa shenja të dukshme clickbait; është relativisht i gjatë dhe mund të duket formal. TF-IDF njeh modele fjalësh, jo vërtetësinë faktike."
fake_833,833,1,fake,0,real,0.574118,0.425882,0.574118,false_negative,A paguhen 10 ditët e humbura të karantinës në Zvicër? Flet Shoqata e Sipermarrësve Zviceranë,"A paguhen 10 ditët e humbura të karantinës në Zvicër? Flet Shoqata e Sipermarrësve ZviceranëSipas Shoqatës patronale (të sipërmarësve) zviceranë, punëtorët të cilët shkojnë në vendet që figurojnë në listën e “shteteve të rre zikuara”, i kanosen humbjes së realizimit të së drejtës së tyre në pagesë p",251,sipas,,0.085752,0.019496,0,False,False,True,"Mund të jetë ngatërruar sepse përdor tregues burimi (sipas); ka ton të përmbajtur pa shenja të dukshme clickbait; është relativisht i gjatë dhe mund të duket formal. TF-IDF njeh modele fjalësh, jo vërtetësinë faktike."
fake_979,979,1,fake,0,real,0.578739,0.421261,0.578739,false_negative,"Kosova në zgjedhje të jashtëzakonshme, Kjo është data!","Kosova në zgjedhje të jashtëzakonshme, ja kush e paralajmëronSekretari organizativ i Aleancës Kosova e Re Rrahim Pacolli, ka thënë se në shtator, Kosova duhet të shkojë në zgjedhje të jashtëzakonshme parlamentare.Ai ka thënë se Kosovës i duhet një kryeministër i fuqíshëm, e jo një kryeministër si Av",186,sipas,,0.072727,0.041249,2,False,False,True,"Mund të jetë ngatërruar sepse përdor tregues burimi (sipas); është relativisht i gjatë dhe mund të duket formal. TF-IDF njeh modele fjalësh, jo vërtetësinë faktike."
fake_1028,1028,1,fake,0,real,0.785585,0.214415,0.785585,false_negative,"BE i’a palon Grenellit: Bën veprimin e papritur për Kosovën, hiqen vizat për Kosovën??","Dialogu ndërmjet Serbisë dhe Kosovës i lehtësuar nga Bashkimi Evropian pritet të rifillojë të enjten në Bruksel, kanë konfirmuar për Radion Evropa e Lirë, burime jozyrtare në Prishtinë.Pala kosovare ka shumë të ngjarë të përfaqësohet nga kryeministri i Kosovës Avdullah Hoti.Ende nuk ka konfirmim kus",261,,,0.069767,0.050887,0,False,False,False,"Mund të jetë ngatërruar sepse ka ton të përmbajtur pa shenja të dukshme clickbait; është relativisht i gjatë dhe mund të duket formal. TF-IDF njeh modele fjalësh, jo vërtetësinë faktike."
fake_1037,1037,1,fake,0,real,0.808764,0.191236,0.808764,false_negative,"Daçiq: Na jepni Veriun e Kosovës, pastaj fillojmë me bisedime!","Ministri i Punëve të Jashtme të Serbisë, Ivica Dacic, këto ankesa i bëri në intervistën e tij për televizionin serb Tv Prva të shtunën, ku të parët në listën e ankesave ishte Malin e Zi, e i vazhdoi për kosovarët dhe ndërkombëtarët. Për kosovarët e ndërkombëtarët ai ankua se Serbisë nuk po ju ofrohe",344,sipas,,0.073595,0.041718,1,False,False,False,"Mund të jetë ngatërruar sepse përdor tregues burimi (sipas); është relativisht i gjatë dhe mund të duket formal. TF-IDF njeh modele fjalësh, jo vërtetësinë faktike."
fake_1042,1042,1,fake,0,real,0.732574,0.267426,0.732574,false_negative,"Afrim Muçiqi: Nëse nuk na lejohet puna, do t’i mbajmë dasmat në shesh apo livadhe","Përfaqësues të estradës, gastronomisë dhe aktiviteteve të tjera të ndërlidhura me organizimin e dasamave sot në ora 12:00 do të takohen me ministrin e Shëndetësisë, Armend Zemaj, për të parë mundësinë e hapjes së këtyre aktiviteteve, shkruan Reporteri.net.Ky takim u aranzhua pasi ata kishin dalë për",166,,,0.076053,0.025907,0,False,False,False,"Mund të jetë ngatërruar sepse ka ton të përmbajtur pa shenja të dukshme clickbait; është relativisht i gjatë dhe mund të duket formal. TF-IDF njeh modele fjalësh, jo vërtetësinë faktike."
fake_1055,1055,1,fake,0,real,0.801233,0.198767,0.801233,false_negative,SHBA vjen me Super Lajm Për Kosovën,"SHBA pret që dialogu të rifillojë, qëllimi final njohja e plotëMe reciprocitetin e larguar në fundjavë dhe me fushatën aktive të Serbisë kundër shtetësisë së Kosovës, synohet t’u jepet intensitet veprimeve në rinisjen e dialogut dhe arritjen e një marrëveshjeje finale. Por mbetet e paqartë se kush d",286,,,0.085648,0.033803,0,False,False,False,"Mund të jetë ngatërruar sepse ka ton të përmbajtur pa shenja të dukshme clickbait; është relativisht i gjatë dhe mund të duket formal. TF-IDF njeh modele fjalësh, jo vërtetësinë faktike."
fake_1064,1064,1,fake,0,real,0.561481,0.438519,0.561481,false_negative,Nuk do ta besoni se çka e paralajmëron Isa Mustafa Vjosën!,"Kryetari i Lidhjes Demokratike të Kosovës, Isa Mustafa në konferencën për media pas takimit të kryesisë së partisë ka folur rreth votimit të qeverisë nesër dhe rreth propozimit të kryetares së Kuvendit dhe anëtares së LDK-së, Vjosa Osmani për një qeveri tranzitore.Më tutje, i pyetur për idenë e Osma",132,,nuk do ta besoni,0.078947,0.036585,1,False,False,True,"Mund të jetë ngatërruar sepse fjalori i tekstit fake mund t'i ngjajë artikujve real. TF-IDF njeh modele fjalësh, jo vërtetësinë faktike."
fake_1079,1079,1,fake,0,real,0.573722,0.426278,0.573722,false_negative,Agim Veliu “godet“ Vjosen: Oj trashaluqe duhesh mi hjek killat për mu…..,"Përp lasje në mes të Vjosa Osmanit dhe Agim Veliut ka pasur së fundmi.Lidhur me këtë, analisti politik, Leon Duhanaj, ka thënë për gazetën “Bota sot” se në secilin subjekt politik normal lejohet mendimi ndryshe, por duket se nuk jemi mësuar që të kemi kri tikë të hapur.“Në çdo subjekt politik normal",152,,,0.053571,0.027108,0,False,False,True,"Mund të jetë ngatërruar sepse ka ton të përmbajtur pa shenja të dukshme clickbait; është relativisht i gjatë dhe mund të duket formal. TF-IDF njeh modele fjalësh, jo vërtetësinë faktike."
fake_1085,1085,1,fake,0,real,0.805157,0.194843,0.805157,false_negative,Glauk Konjufca: Bëhuni gati…Nesër është vetëm nxemje!,"Lëvizja Vetëvendosje që udhëhiqet nga kryeministri në detyrë, Albin Kurti, nesër do të bëjnë edhe një provë për protestë në shesh të Prishtinës, të cilën po e quajnë performancë.Kësaj here në të do të marrin pjesë deri në 5 mijë persona, kurse siç kanë thënë nga VV protesta do të vëzhgohet nga 200 a",170,,,0.094246,0.051852,1,False,False,False,"Mund të jetë ngatërruar sepse është relativisht i gjatë dhe mund të duket formal. TF-IDF njeh modele fjalësh, jo vërtetësinë faktike."
fake_1090,1090,1,fake,0,real,0.524221,0.475779,0.524221,false_negative,Politikani Serb ‘zbulon’ dy politikanët e Kosovës që po bashkëpunojnë me…,"Ish-kreu i të ashquajturit “Trupit koordinues për Kosovë”, Nebojsha Covic, ka thënë se aktualisht është një tollovi rreth ndikimit të ndërkombëtarëve në Kosovë.Sipas tij ishte e qartë që Ramush Haradinaj kishte bashkëpunuar me Gjermaninë kur kishte vendosur taksën.Derisa thotë që nëse do të ketë një",176,sipas,,0.077643,0.043931,0,False,True,True,"Mund të jetë ngatërruar sepse përdor tregues burimi (sipas); ka ton të përmbajtur pa shenja të dukshme clickbait; është relativisht i gjatë dhe mund të duket formal. TF-IDF njeh modele fjalësh, jo vërtetësinë faktike."
fake_1092,1092,1,fake,0,real,0.656565,0.343435,0.656565,false_negative,"Abdulla Hoti “godet“ Lëvizjen Vetëvendosje, ja çka i thotë!","I nominuari për kryeministër, Avdullah Hoti ka thënë se me Lëvizjen Vetëvendosje kanë dallime të mëdha konceptuale dhe për këtë edhe ndodhen për plasjet. Ai ka thënë se LDK-në askush nuk mund ta dirigjojë e as ta kontrollojë dhe për këtë ka thënë se nuk arritën të bashkëqeverisin me VV-në, e cila si",112,sipas,,0.086822,0.05029,1,False,False,False,"Mund të jetë ngatërruar sepse përdor tregues burimi (sipas). TF-IDF njeh modele fjalësh, jo vërtetësinë faktike."
fake_1101,1101,1,fake,0,real,0.588614,0.411386,0.588614,false_negative,Ky kombinim po i çmend të gjithë: Bëhu me fIokë duke përdorur bananen,"Ka shumë produkte për kujdesin dhe rritjen e flokëve, por ata janë shumë të shtrenjta dhe nuk japin efekte shumë pozitive.Nisur nga kjo arsye, janë të shumtë edhe produktet natyrore që ideohen, testohen dhe provojnë efekt të zbuluar nga njerëz të rëndomë, ose të lëmisë. Një produkt i tillë ka bërë “",194,,,0.113924,0.020179,0,False,False,True,"Mund të jetë ngatërruar sepse ka ton të përmbajtur pa shenja të dukshme clickbait; është relativisht i gjatë dhe mund të duket formal. TF-IDF njeh modele fjalësh, jo vërtetësinë faktike."
fake_1104,1104,1,fake,0,real,0.875142,0.124858,0.875142,false_negative,"Nuk hapen xhamitë as në ditët e fundit të Ramazanit, edhe ne Hoxhallarët duam pushim",Në një njoftim për media Myftiu i Kosovës Naim Tërnava ka njoftuar se xhamitë në Kosovë nuk do të hapen as në ditët e fundit të muajit të shenjtë të Ramazanit.Tërnava bashkë me Ministrin në detyrë të Shëndetësisë Arben Vitia ka thënë se duke marrë parasysh për hapjen e vir usit Covid-19 akoma nuk ja,378,,,0.088602,0.033929,0,False,False,False,"Mund të jetë ngatërruar sepse ka ton të përmbajtur pa shenja të dukshme clickbait; është relativisht i gjatë dhe mund të duket formal. TF-IDF njeh modele fjalësh, jo vërtetësinë faktike."
fake_1119,1119,1,fake,0,real,0.546514,0.453486,0.546514,false_negative,Detaje të reja: Zbulohen mesazhet zyrtare për rastin e 26 vjeçarit që vdiq dje në Qendrën e Studentëve,"Sipas dokumentacionit ditë më parë babai i Agon Musliut, Naimi, kishte kërkuar nga Komuna e Gjilanit për të ndihmuar në kthimin e djalit të tij, Agonit nga Gjermania, pasi sipas Naimit, djali i tij vuante nga një s ëmundje në mëlçi.Këtë kërkesë Komuna e kishte adresuar në ambasadën e Kosovës në Gjer",84,sipas,,0.07438,0.046154,0,False,True,True,"Mund të jetë ngatërruar sepse përdor tregues burimi (sipas); ka ton të përmbajtur pa shenja të dukshme clickbait. TF-IDF njeh modele fjalësh, jo vërtetësinë faktike."
fake_1653,1653,1,fake,0,real,0.754823,0.245177,0.754823,false_negative,Mjeku shqiptar trondit botën: Ja çfarë i pret të gjithë njerëzit e prekur nga COVID-19,"Mjeku shqiptar, Albert Troçi ka folur për dëvmet që shkakton sëmundja COVID-19 tek jeta e pacientëve, të cilët janë inf ektuar.Mjeku shqiptar në Milano që po lufton në vijën e parë të frontit kundër koronavirusit, Albert Troçi, shprehte se teksa Italia po bëhet gati të kalojë në fazën e dytë të ‘l u",375,,,0.077451,0.039628,0,False,False,False,"Mund të jetë ngatërruar sepse ka ton të përmbajtur pa shenja të dukshme clickbait; është relativisht i gjatë dhe mund të duket formal. TF-IDF njeh modele fjalësh, jo vërtetësinë faktike."
fake_1700,1700,1,fake,0,real,0.687712,0.312288,0.687712,false_negative,"Pipero: Jep lajmin e madh që e kemi pritur të gjithë, “Koronavirusi nuk do të…”",Si pasojë e një shpërthimi të rasteve të reja ditën e sotme ka patur aludime për mundësinë e një rikthimi të pandemisë.Lidhur me to ka reaguar mjeku Pëllumb Pipero i cili ka treguar se nuk do të ketë një valë të dytë pandemie në vjeshtë ose dimër.Ai ka treguar se rritja e rasteve të reja ditën e sot,229,,,0.07977,0.020661,0,False,False,False,"Mund të jetë ngatërruar sepse ka ton të përmbajtur pa shenja të dukshme clickbait; është relativisht i gjatë dhe mund të duket formal. TF-IDF njeh modele fjalësh, jo vërtetësinë faktike."
fake_1732,1732,1,fake,0,real,0.687292,0.312708,0.687292,false_negative,Haki Abazi dridhe skenen politike ne Kosove me kete qe tha!,"Duan të bashkëqeverisin organizatat që kryesisht janë parapolitike e në varësi të interesit të dy tre njerezve që e kanë rrëzuar qeverinë Kurti për të marrë pushtet, kontroll mbi resurset ekonomike dhe financiare- krejt me pazare jasht-institucioneve. Qyqarllëku që tregojnë duke mos pasë guxim të ba",162,,,0.06269,0.01224,1,False,False,False,"Mund të jetë ngatërruar sepse është relativisht i gjatë dhe mund të duket formal. TF-IDF njeh modele fjalësh, jo vërtetësinë faktike."
fake_1767,1767,1,fake,0,real,0.658133,0.341867,0.658133,false_negative,"Pamje të rralla, kur Leonora Jakupi shetiste me aeroplan në Drenicë  VIDEO","Këngëtarja ka pasur fëmijëri të bukur, e nuk i ka munguar asgjë. Babai i saj është kujdesur që tre fëmijëve të mos u mungojnë as lodrat më të mira.Këngëtarja bukuroshe është rikthyer në kohë dhe në albumin e kujtimeve ka gjetur fotot të mrekullueshme nga momente të pa harruara.Leonora shihet bashkë ",95,,,0.080769,0.035714,0,False,False,False,"Mund të jetë ngatërruar sepse ka ton të përmbajtur pa shenja të dukshme clickbait. TF-IDF njeh modele fjalësh, jo vërtetësinë faktike."
fake_1848,1848,1,fake,0,real,0.550828,0.449172,0.550828,false_negative,Me këtë imazh Edona po e dëshmon që vajza po bëhet më e bukur se nëna,"Me këtë imazh Edona po e dëshmon që vajza po bëhet më e bukur se nënaEdona Llalloshi është një emër që ndjeket mjaftë nga audienca shqiptare.Duke argëtuar publikun me zërin e saj fantastik, ajo është shndërruar në një ikonë e muzikës që kërkohet shumë për ahengje familjare.Ajo ka edhe dy fëmijë, më ",96,,,0.086444,0.019465,0,False,False,True,"Mund të jetë ngatërruar sepse ka ton të përmbajtur pa shenja të dukshme clickbait. TF-IDF njeh modele fjalësh, jo vërtetësinë faktike."
fake_1861,1861,1,fake,0,real,0.660906,0.339094,0.660906,false_negative,"Vetëm një lugë nga kjo përbërje çdo mëngjes dhe zorrët tuaja do të pastrohen nga mbetjet, në 2 minuta!","Stomaku, për arsye të ndryshme është çelësi i shëndetit tonë. Ajo që duhet të bëni është të tregoheni të kujdesshëm në dietën e përditshme dhe ushqimet që zgjidhni të konsumoni. Megjithatë, ritmi i ditës shpeshherë ju “detyron” të hani ushqimet që rrezikojnë zorrët tuaja dhe bëhen shkaktar i përhapj",375,,,0.089704,0.029268,1,False,False,False,"Mund të jetë ngatërruar sepse është relativisht i gjatë dhe mund të duket formal. TF-IDF njeh modele fjalësh, jo vërtetësinë faktike."
fake_1873,1873,1,fake,0,real,0.807072,0.192928,0.807072,false_negative,Zbulim i ri: Kjo simptomë e re e koronavirusit po shfaqet tek të moshuarit,"Koronavirusi është bërë një nga shqetësimet më të mëdha në gjithë globin.Kollë e vazhdueshme, ethe dhe gulçim janë simptomat kryesore që njerëzit me COVID-19 përjetojnë.Por ndryshimet që trupi pëson me moshën mund të ndryshojnë sistemin imunitar të pacientëve më të vjetër, duke i bërë ata më pak të ",448,,,0.07256,0.020674,0,False,False,False,"Mund të jetë ngatërruar sepse ka ton të përmbajtur pa shenja të dukshme clickbait; është relativisht i gjatë dhe mund të duket formal. TF-IDF njeh modele fjalësh, jo vërtetësinë faktike."
fake_1885,1885,1,fake,0,real,0.699282,0.300718,0.699282,false_negative,"Infermierja e infektuar me Covid-19 i lutet kolegëve: Mos më lini të vdes, kam fëmijë","Një infermiere e infektuar me koronavirus ka zbuluar se si ajo po e përballon luftën me të, dhe çdo ditë i lutet stafit mjekësor që të mos e lënë të vdesë.Në gjendjen e vështirë në të cilën ndodhet, ajo po mban dhe ditar.Kelly Ward, 35 vjeç, u infektua në spital dhe tani është e sëmurë rëndë në Brad",247,,,0.085219,0.221585,0,False,False,False,"Mund të jetë ngatërruar sepse ka ton të përmbajtur pa shenja të dukshme clickbait; është relativisht i gjatë dhe mund të duket formal. TF-IDF njeh modele fjalësh, jo vërtetësinë faktike."
fake_1894,1894,1,fake,0,real,0.507924,0.492076,0.507924,false_negative,"Merret nëpërmjet hundës, ky është ilaçi që pritet të kurojë koronavirusin","Një studim i Universitetit të St Andreës në Skoci zbuloi se kjo mund të lidhej me proteinat me “majë” në pjesën e jashtme të virusit dhe ta ndalojë atë të fiksohet në qelizat që gjenden në rrugët e frymëmarrjes.Vetëm testet laboratorike janë bërë deri më tani, por rezultatet, të shikuara nga Public ",162,,,0.077689,0.034022,0,False,True,True,"Mund të jetë ngatërruar sepse ka ton të përmbajtur pa shenja të dukshme clickbait; është relativisht i gjatë dhe mund të duket formal. TF-IDF njeh modele fjalësh, jo vërtetësinë faktike."
fake_1906,1906,1,fake,0,real,0.882121,0.117879,0.882121,false_negative,Befason profesori italian: Ka një kurë që e Zhduk Koronavirusin brenda 48 orëve,"“Ka një kurë. Mund ta vr/isni virusin brenda 48 orësh. Ka një kurë dhe funksionon brenda një kohe të shkurtër”.Kështu shprehet profesori italian nga Napoli dhe student i të madhit Albert Sabini, shpikës i vaksinës kundër poliomielitit, disa herë kandidat për Nobelin në Mjekësi, Gulio Tarro.Atij iu d",826,sipas,,0.076798,0.037783,4,False,False,False,"Mund të jetë ngatërruar sepse përdor tregues burimi (sipas); është relativisht i gjatë dhe mund të duket formal. TF-IDF njeh modele fjalësh, jo vërtetësinë faktike."
fake_1912,1912,1,fake,0,real,0.741571,0.258429,0.741571,false_negative,"Konfirmohet frika e kancelares Merkel, kjo është duke ndodhur me COVID-19 në Gjermani","Kancelarja Angela Merkel kishte paralajmëruar për rrezikun e shkallës së riprodhimit të koronavirusit në Gjermani.Shkalla e riprodhimit të koronavirusit në Gjermani është rritur në 1, duke u afruar në paralajmërimin e kancelares Angela Merkel se duhet të qëndrojë nën të në mënyrë që vendi të vazhdoj",206,"sipas, raportoi",,0.060313,0.038033,0,False,False,False,"Mund të jetë ngatërruar sepse përdor tregues burimi (sipas, raportoi); ka ton të përmbajtur pa shenja të dukshme clickbait; është relativisht i gjatë dhe mund të duket formal. TF-IDF njeh modele fjalësh, jo vërtetësinë faktike."
fake_1917,1917,1,fake,0,real,0.807466,0.192534,0.807466,false_negative,Hëna që ju zgjidhni tregon tipin e personit me të cilin do të dashuroheni,"Aq sa përpiqemi të jemi njerëz të pavarur nga bota, e të sinqertë, në fund të fundit, të gjithë ëndërrojmë të gjejmë shokun tonë shpirtëror, personin që do ta bëjë zemrën tonë të rrah më shpejt dhe të ndryshojë të gjitha konceptet tona.Sigurisht, jo gjithçka që shkëlqen është flori, madje edhe marrë",370,,,0.090125,0.014294,2,False,False,False,"Mund të jetë ngatërruar sepse është relativisht i gjatë dhe mund të duket formal. TF-IDF njeh modele fjalësh, jo vërtetësinë faktike."
fake_1920,1920,1,fake,0,real,0.6517,0.3483,0.6517,false_negative,"Gjethet e limonit, zgjidhja natyrale për problemet me fytin, migrenën dhe astmën!","Gjethet e limonit janë të pasura me vitaminë C që forcon sistemin imunitar dhe rrit nivelin e përthithjes së vitaminave nga organizmi. Pema e limonit përmban vitaminën P, që ndihmon në forcimin e enëve të gjakut. Gjethet e limonit në formën e vajit esencial që përdoret në lëkurë lu ftojnë inflamacio",332,sipas,,0.081582,0.01601,1,False,False,False,"Mund të jetë ngatërruar sepse përdor tregues burimi (sipas); është relativisht i gjatë dhe mund të duket formal. TF-IDF njeh modele fjalësh, jo vërtetësinë faktike."
fake_1923,1923,1,fake,0,real,0.57673,0.42327,0.57673,false_negative,"Hoxha i njohur nga Peja: Shkuarja në diskotekë nuk është haram, unë vetëm kam qenë aty","Drilon Gashi, hoxhë me profesion, për momentin i suspenduar nga Bashkësia Islame e Kosovës ka qenë i ftuar në emisionin nKosovë Show. Aty tregoi pse BIK-u e ka suspenduar nga të qenurit imam në Xhaminë e Vitomericës në Pejë.Ai ndër të tjera shtoj se djalli (dreqi) nuk ekziston mirë po ai shkoj edhe ",129,,,0.062687,0.045369,0,False,False,True,"Mund të jetë ngatërruar sepse ka ton të përmbajtur pa shenja të dukshme clickbait. TF-IDF njeh modele fjalësh, jo vërtetësinë faktike."
fake_1925,1925,1,fake,0,real,0.56274,0.43726,0.56274,false_negative,"Te gjithe Shqiptaret lene koken pas tyre, por ja se cfare nuk keni ditur per to, kur ta merrni vesh do t’i hani dhe me shume","Domatja është një nga produktet që prodhohet masivisht në Shqipërisht, pa të cilën shumë prej gatimeve tona nuk do të kishin kuptim.Ëmbëlsia e saj e ndërthurur këndshëm me athtësinë e lehtë ofron një ndjenjë freskie të pazëvendësueshme.Shija nuk është i vetmi aspekt për të cilin njerëzit ‘lënë kokën",472,,,0.07312,0.024126,0,False,False,True,"Mund të jetë ngatërruar sepse ka ton të përmbajtur pa shenja të dukshme clickbait; është relativisht i gjatë dhe mund të duket formal. TF-IDF njeh modele fjalësh, jo vërtetësinë faktike."
fake_1931,1931,1,fake,0,real,0.531737,0.468263,0.531737,false_negative,Rezultoi 100% e suksesshme/ BE mbështet kurën izraelite kundër koronavirusit,"Firma farmaceutike Pluristem me qendër në Haifa ka zhvilluar një terapi, që përdor placentat për të zhvilluar qeliza të ripërpunueshme për të kuruar organet e dëmtuara si pasojë e infektimit me koronavirus. Kura çliron në organizëm proteina, që kurojnë organet e dëmtuara nga COVID-19, si zemra, mush",171,,,0.065455,0.030033,0,False,True,True,"Mund të jetë ngatërruar sepse ka ton të përmbajtur pa shenja të dukshme clickbait; është relativisht i gjatë dhe mund të duket formal. TF-IDF njeh modele fjalësh, jo vërtetësinë faktike."
fake_1932,1932,1,fake,0,real,0.986308,0.013692,0.986308,false_negative,Flet mjekja shqiptare në Kanada: Si të trajtoni virusin në kushtet e shtëpisë,"Në një intervistë dhënë për gazetën, doktoresha e vë theksin në masat parandaluese, siç janë distancimi social, mbajtja e maskave dhe larja e shpeshtë e duarve. “Është shumë më e thjeshtë ta parandalosh këtë virus sesa ta mjekosh atë. Lufta e vërtetë e këtij virusi, fronti i parë i luftës, është në ",2376,,,0.08325,0.021494,1,True,False,False,"Mund të jetë ngatërruar sepse është relativisht i gjatë dhe mund të duket formal. Modeli gaboi me siguri të lartë. TF-IDF njeh modele fjalësh, jo vërtetësinë faktike."
fake_1938,1938,1,fake,0,real,0.792164,0.207836,0.792164,false_negative,"Nobelisti japonez shokon botën: Koronavirusi u prodhua nga Kina, asnjë prej miqve të mi në Wuhan s’ma hap telefonin","Ditë pas dite janë duke u përdorur argumente të ndryshme lidhur me orgjinën e Covid 19, dhe shtrohen pyetjet nëse ai është i prodhuar në laboratore. Këtyre diskutimeve u është bashkuar së fundit dhe profesori japonez i Fiziologjisë, Tasuku Honjo, i cili është shprehur se koronavirusi nuk është i nat",353,sipas,,0.07219,0.024684,0,False,False,False,"Mund të jetë ngatërruar sepse përdor tregues burimi (sipas); ka ton të përmbajtur pa shenja të dukshme clickbait; është relativisht i gjatë dhe mund të duket formal. TF-IDF njeh modele fjalësh, jo vërtetësinë faktike."
