external_id,title,content,true_label,true_label_number,binary_prediction,binary_prediction_number,probability_real,probability_fake,probability_sum,decision,topic,source,source_group,published_date,prediction_correct,error_type,predicted_confidence,word_count,text_length,exclamation_count,uppercase_ratio,diacritic_ratio,sensational_words_found,source_markers_found,uncertainty_markers_found,length_group,interpretation
EXT-R-001,Prezantohet programi EU4Municipalities II për bashkitë shqiptare,"Programi EU4Municipalities II u prezantua si një nismë e mbështetur nga Bashkimi Europian për forcimin e qeverisjes vendore. Programi zbatohet nga GIZ me partnerë vendorë dhe synon investime në infrastrukturë, modernizim të shërbimeve bashkiake dhe ngritje të kapaciteteve institucionale.",real,0,fake,1,0.1663,0.8337,1.0,likely_fake,politikë,Këshilli i Ministrave i Shqipërisë,institutional_government,2026-05-08,False,false_positive,0.8337,48,353,0,0.059406,0.036827,,,,long_48_51,Rasti real u shty drejt fake; përmbledhja shumë e shkurtër mund të ketë ngjarë me anën e shkurtër të corpus-it (48 fjalë kundrejt medianës 206 për real në test set). Burimi institucional është vetëm metadata dhe modeli nuk e sheh atë si feature.
EXT-R-002,Shqipëria merr pjesë në Konferencën e tetë Ndërqeveritare me BE-në,"Delegacioni shqiptar mori pjesë në Bruksel në Konferencën e tetë Ndërqeveritare Shqipëri-Bashkimi Europian. Takimi trajtoi ecurinë e negociatave dhe kushtet për kapitujt që lidhen me gjyqësorin, të drejtat themelore, drejtësinë, lirinë dhe sigurinë.",real,0,fake,1,0.4086,0.5914,1.0,uncertain,politikë,Këshilli i Ministrave i Shqipërisë,institutional_government,2026-05-26,False,false_positive,0.5914,43,316,0,0.048689,0.072785,,,,short_38_44,Rasti real u shty drejt fake; përmbledhja shumë e shkurtër mund të ketë ngjarë me anën e shkurtër të corpus-it (43 fjalë kundrejt medianës 206 për real në test set). Burimi institucional është vetëm metadata dhe modeli nuk e sheh atë si feature. Pragjet e zhvendosën këtë gabim binar në zonën uncertain.
EXT-R-003,Shqipëria mbyll provizorisht tre kapituj negociatash me BE-në,"Në përfundim të Konferencës së nëntë Ndërqeveritare Shqipëri-Bashkimi Europian u njoftua mbyllja provizore e kapitujve për shkencën dhe kërkimin, arsimin dhe kulturën, si dhe marrëdhëniet me jashtë. Ngjarja u raportua pas takimit zyrtar në Bruksel.",real,0,fake,1,0.3305,0.6695,1.0,uncertain,politikë,Këshilli i Ministrave i Shqipërisë,institutional_government,2026-07-14,False,false_positive,0.6695,43,310,0,0.041985,0.06129,,,,short_38_44,Rasti real u shty drejt fake; përmbledhja shumë e shkurtër mund të ketë ngjarë me anën e shkurtër të corpus-it (43 fjalë kundrejt medianës 206 për real në test set). Burimi institucional është vetëm metadata dhe modeli nuk e sheh atë si feature. Pragjet e zhvendosën këtë gabim binar në zonën uncertain.
EXT-R-004,Qeveria diskuton kalendarin e negociatave me Bashkimin Europian,"Në një takim me ministrat e kabinetit u paraqit gjendja e procesit të negociatave të Shqipërisë me Bashkimin Europian. Diskutimi përfshiu kalendarin e përbashkët me Komisionin Europian, reformat e lidhura me Planin e Rritjes dhe detyrimet institucionale për fazat e ardhshme.",real,0,fake,1,0.0953,0.9047,1.0,likely_fake,politikë,Këshilli i Ministrave i Shqipërisë,institutional_government,2026-03-30,False,false_positive,0.9047,49,339,0,0.041667,0.029499,,,,long_48_51,Rasti real u shty drejt fake; përmbledhja shumë e shkurtër mund të ketë ngjarë me anën e shkurtër të corpus-it (49 fjalë kundrejt medianës 206 për real në test set). Burimi institucional është vetëm metadata dhe modeli nuk e sheh atë si feature. Gabimi mbeti me të paktën 90% siguri; calibration nuk garanton saktësi për një rast individual jashtë shpërndarjes së trajnimit.
EXT-R-005,Spitali Rajonal i Lezhës zgjeron shërbimet e specializuara,"Spitali Rajonal i Lezhës u vizitua pas rikonstruksionit dhe zgjerimit të shërbimeve. Struktura përfshin pajisje të reja dhe një njësi për sëmundjet infektive, ndërsa synimi i deklaruar është që më shumë shërbime të specializuara të ofrohen për pacientët e qarkut.",real,0,fake,1,0.2569,0.7431,1.0,likely_fake,shëndetësi,Këshilli i Ministrave i Shqipërisë,institutional_government,2026-04-08,False,false_positive,0.7431,48,322,0,0.025735,0.068323,,,,long_48_51,Rasti real u shty drejt fake; përmbledhja shumë e shkurtër mund të ketë ngjarë me anën e shkurtër të corpus-it (48 fjalë kundrejt medianës 206 për real në test set). Burimi institucional është vetëm metadata dhe modeli nuk e sheh atë si feature.
EXT-R-006,Prezantohet projekti për qendrën spitalore Health Hub Hospital në Tiranë,"Në Tiranë u prezantua projekti Health Hub Hospital, i cili parashikon ndërtimin e një qendre të re spitalore nga Grupi San Donato. Sipas njoftimit, struktura do të fokusohet në diagnostikimin dhe trajtimin e patologjive komplekse me shërbime të specializuara.",real,0,fake,1,0.1648,0.8352,1.0,likely_fake,shëndetësi,Këshilli i Ministrave i Shqipërisë,institutional_government,2026-07-07,False,false_positive,0.8352,49,332,0,0.05,0.039157,,sipas,,long_48_51,Rasti real u shty drejt fake; përmbledhja shumë e shkurtër mund të ketë ngjarë me anën e shkurtër të corpus-it (49 fjalë kundrejt medianës 206 për real në test set). Burimi institucional është vetëm metadata dhe modeli nuk e sheh atë si feature. U gjetën markerë burimi: sipas.
EXT-R-007,Tetë spitale rajonale ofrojnë njësi kimioterapie,"Një njoftim për reformën në onkologji raportoi hapjen e njësive të kimioterapisë në tetë spitale rajonale: Shkodër, Lezhë, Durrës, Elbasan, Fier, Berat, Korçë dhe Vlorë. Në QSUT u raportua gjithashtu vënia në punë e një akseleratori të tretë linear.",real,0,fake,1,0.1902,0.8098,1.0,likely_fake,shëndetësi,Këshilli i Ministrave i Shqipërisë,institutional_government,2026-07-27,False,false_positive,0.8098,45,298,0,0.061224,0.083893,,raportoi,,medium_45_47,Rasti real u shty drejt fake; përmbledhja shumë e shkurtër mund të ketë ngjarë me anën e shkurtër të corpus-it (45 fjalë kundrejt medianës 206 për real në test set). Burimi institucional është vetëm metadata dhe modeli nuk e sheh atë si feature. U gjetën markerë burimi: raportoi.
EXT-R-008,Buxhetit të shëndetësisë i shtohen fonde për barnat onkologjike,Ndryshimet në buxhetin e vitit 2026 parashikuan 1.5 miliardë lekë shtesë për blerjen e barnave onkologjike dhe përmirësimin e shërbimeve spitalore. Akti përfshiu gjithashtu fonde për pagat e mjekëve dhe personelit të urgjencës.,real,0,fake,1,0.1717,0.8283,1.0,likely_fake,shëndetësi,Këshilli i Ministrave i Shqipërisë,institutional_government,2026-06-30,False,false_positive,0.8283,40,291,0,0.012448,0.061856,,,,short_38_44,Rasti real u shty drejt fake; përmbledhja shumë e shkurtër mund të ketë ngjarë me anën e shkurtër të corpus-it (40 fjalë kundrejt medianës 206 për real në test set). Burimi institucional është vetëm metadata dhe modeli nuk e sheh atë si feature.
EXT-R-009,Banka e Shqipërisë mban të pandryshuar normën bazë të interesit,Këshilli Mbikëqyrës i Bankës së Shqipërisë vendosi ta mbajë normën bazë të interesit në nivelin 2.5 për qind. Normat për depozitën dhe kredinë njëditore mbetën përkatësisht 1.5 dhe 3.5 për qind pas shqyrtimit të raportit të politikës monetare.,real,0,fake,1,0.4654,0.5346,1.0,uncertain,ekonomi,Banka e Shqipërisë,institutional_financial,2026-05-06,False,false_positive,0.5346,45,307,0,0.028112,0.09772,,,,medium_45_47,Rasti real u shty drejt fake; përmbledhja shumë e shkurtër mund të ketë ngjarë me anën e shkurtër të corpus-it (45 fjalë kundrejt medianës 206 për real në test set). Burimi institucional është vetëm metadata dhe modeli nuk e sheh atë si feature. Pragjet e zhvendosën këtë gabim binar në zonën uncertain.
EXT-R-010,Fondi i Ndërhyrjes së Jashtëzakonshme arrin 8.22 miliardë lekë,"Banka e Shqipërisë njoftoi se Fondi i Ndërhyrjes së Jashtëzakonshme u shtua me 1.18 miliardë lekë nga kontributi vjetor i bankave. Pas nëntë vitesh kontribute, niveli i përgjithshëm i fondit arriti në 8.22 miliardë lekë.",real,0,fake,1,0.059,0.941,1.0,likely_fake,ekonomi,Banka e Shqipërisë,institutional_financial,2026-05-20,False,false_positive,0.941,41,283,0,0.04,0.067138,,,,short_38_44,Rasti real u shty drejt fake; përmbledhja shumë e shkurtër mund të ketë ngjarë me anën e shkurtër të corpus-it (41 fjalë kundrejt medianës 206 për real në test set). Burimi institucional është vetëm metadata dhe modeli nuk e sheh atë si feature. Gabimi mbeti me të paktën 90% siguri; calibration nuk garanton saktësi për një rast individual jashtë shpërndarjes së trajnimit.
EXT-R-012,Eksportet dhe importet e mallrave rriten në qershor 2026,"INSTAT raportoi se eksportet e mallrave në qershor arritën 35.4 miliardë lekë, ndërsa importet 83.5 miliardë lekë. Krahasuar me një vit më parë, eksportet u rritën 13.6 për qind dhe importet 9.1 për qind.",real,0,fake,1,0.2422,0.7578,1.0,likely_fake,ekonomi,INSTAT,institutional_statistics,2026-07-17,False,false_positive,0.7578,38,261,0,0.040816,0.05364,,raportoi,,short_38_44,Rasti real u shty drejt fake; përmbledhja shumë e shkurtër mund të ketë ngjarë me anën e shkurtër të corpus-it (38 fjalë kundrejt medianës 206 për real në test set). Burimi institucional është vetëm metadata dhe modeli nuk e sheh atë si feature. U gjetën markerë burimi: raportoi.
EXT-R-013,Fondi Social 2026 financon katërmbëdhjetë shërbime të reja,"Fondi Social 2026 do të financojë katërmbëdhjetë shërbime të reja për fëmijë, të moshuar, persona me aftësi të kufizuara dhe gra e vajza të prekura nga dhuna. Dymbëdhjetë shërbime do të ofrohen në bashki dhe dy në nivel qarku.",real,0,fake,1,0.3461,0.6539,1.0,uncertain,sociale,Këshilli i Ministrave i Shqipërisë,institutional_government,2026-02-11,False,false_positive,0.6539,45,285,0,0.022026,0.087719,,,,medium_45_47,Rasti real u shty drejt fake; përmbledhja shumë e shkurtër mund të ketë ngjarë me anën e shkurtër të corpus-it (45 fjalë kundrejt medianës 206 për real në test set). Burimi institucional është vetëm metadata dhe modeli nuk e sheh atë si feature. Pragjet e zhvendosën këtë gabim binar në zonën uncertain.
EXT-R-014,Mbahet finalja e Festivalit Kombëtar të Shkencës,"Finalja e Festivalit Kombëtar të Shkencës mblodhi projekte kërkimore, eksperimente dhe prototipe të nxënësve të gjimnazeve. Sipas njoftimit, aktivitetet kishin nisur në laboratorët e 300 shkollave dhe kishin përfshirë mbi gjashtë mijë nxënës nga vendi.",real,0,fake,1,0.3268,0.6732,1.0,uncertain,sociale,Këshilli i Ministrave i Shqipërisë,institutional_government,2026-04-26,False,false_positive,0.6732,41,301,0,0.035573,0.063123,,sipas,,short_38_44,Rasti real u shty drejt fake; përmbledhja shumë e shkurtër mund të ketë ngjarë me anën e shkurtër të corpus-it (41 fjalë kundrejt medianës 206 për real në test set). Burimi institucional është vetëm metadata dhe modeli nuk e sheh atë si feature. U gjetën markerë burimi: sipas. Pragjet e zhvendosën këtë gabim binar në zonën uncertain.
EXT-R-015,Shkolla 22 Tetori në Berat rikonstruktohet për rreth 500 nxënës,"Punimet në shkollën 22 Tetori në Berat përfshijnë klasa, laboratorë, mjedise smartlab, palestër dhe hapësira për artin e zejet. Objekti pritet të shërbejë për rreth 500 nxënës dhe të përdoret edhe si qendër komunitare.",real,0,fake,1,0.3802,0.6198,1.0,uncertain,sociale,Këshilli i Ministrave i Shqipërisë,institutional_government,2026-04-10,False,false_positive,0.6198,40,282,0,0.03125,0.078014,,,,short_38_44,Rasti real u shty drejt fake; përmbledhja shumë e shkurtër mund të ketë ngjarë me anën e shkurtër të corpus-it (40 fjalë kundrejt medianës 206 për real në test set). Burimi institucional është vetëm metadata dhe modeli nuk e sheh atë si feature. Pragjet e zhvendosën këtë gabim binar në zonën uncertain.
EXT-R-016,Dyfishohet mbështetja për fëmijët dhe të rinjtë me aftësi të kufizuara,"Qeveria njoftoi dyfishimin e mbështetjes ekonomike për fëmijët dhe të rinjtë me aftësi të kufizuara. Plani i veprimit 2026-2030 përfshin gjithashtu sigurime për kujdestarët, më shumë shërbime në komunitet dhe masa për arsim, punësim e rehabilitim.",real,0,fake,1,0.2644,0.7356,1.0,likely_fake,sociale,Këshilli i Ministrave i Shqipërisë,institutional_government,2026-07-20,False,false_positive,0.7356,46,318,0,0.011583,0.078616,,,,medium_45_47,Rasti real u shty drejt fake; përmbledhja shumë e shkurtër mund të ketë ngjarë me anën e shkurtër të corpus-it (46 fjalë kundrejt medianës 206 për real në test set). Burimi institucional është vetëm metadata dhe modeli nuk e sheh atë si feature.
EXT-R-017,Nis faza e parë e projektit Smart City në njëzet shkolla të Tiranës,"Faza e parë e projektit Smart City përfshin njëzet shkolla në Tiranë. Sistemi i planifikuar përdor kamera, monitorim të integruar dhe inteligjencë artificiale për të identifikuar situata me rrezik dhe për të njoftuar qendrat operative.",real,0,fake,1,0.2107,0.7893,1.0,likely_fake,teknologji,Këshilli i Ministrave i Shqipërisë,institutional_government,2026-07-16,False,false_positive,0.7893,48,303,0,0.035573,0.056106,,,,long_48_51,Rasti real u shty drejt fake; përmbledhja shumë e shkurtër mund të ketë ngjarë me anën e shkurtër të corpus-it (48 fjalë kundrejt medianës 206 për real në test set). Burimi institucional është vetëm metadata dhe modeli nuk e sheh atë si feature.
EXT-R-018,Samiti Shqipëri-Izrael mbledh kompani të teknologjisë dhe sigurisë kibernetike,"Në Tiranë u zhvillua Samiti Shqipëri-Izrael me pjesëmarrjen e dyzet kompanive izraelite. Takimi u fokusua te siguria kibernetike, teknologjia moderne, inovacioni dhe mundësitë për partneritete mes institucioneve e bizneseve të dy vendeve.",real,0,fake,1,0.13,0.87,1.0,likely_fake,teknologji,Këshilli i Ministrave i Shqipërisë,institutional_government,2026-05-12,False,false_positive,0.87,41,317,0,0.03321,0.037855,,,,short_38_44,Rasti real u shty drejt fake; përmbledhja shumë e shkurtër mund të ketë ngjarë me anën e shkurtër të corpus-it (41 fjalë kundrejt medianës 206 për real në test set). Burimi institucional është vetëm metadata dhe modeli nuk e sheh atë si feature.
EXT-R-019,Prezantohet shoqëria publike Albanian Digital Solutions,"Albanian Digital Solutions u prezantua si një shoqëri publike për zhvillimin, mirëmbajtjen dhe modernizimin e sistemeve digjitale shtetërore. Njoftimi e lidh krijimin e saj me zgjerimin e kapaciteteve teknike dhe zhvillimin e shërbimeve elektronike publike.",real,0,fake,1,0.072,0.928,1.0,likely_fake,teknologji,Këshilli i Ministrave i Shqipërisë,institutional_government,2026-05-29,False,false_positive,0.928,41,313,0,0.02963,0.022364,,,,short_38_44,Rasti real u shty drejt fake; përmbledhja shumë e shkurtër mund të ketë ngjarë me anën e shkurtër të corpus-it (41 fjalë kundrejt medianës 206 për real në test set). Burimi institucional është vetëm metadata dhe modeli nuk e sheh atë si feature. Gabimi mbeti me të paktën 90% siguri; calibration nuk garanton saktësi për një rast individual jashtë shpërndarjes së trajnimit.
EXT-R-020,Administrata publike përdor mjete të inteligjencës artificiale në procesin e integrimit,Në një takim për digjitalizimin e administratës u paraqit përdorimi i mjeteve të inteligjencës artificiale për përpunimin e legjislacionit të Bashkimit Europian. U raportua gjithashtu se shumica e shërbimeve publike ofrohen online përmes platformës e-Albania.,real,0,fake,1,0.1278,0.8722,1.0,likely_fake,teknologji,Këshilli i Ministrave i Shqipërisë,institutional_government,2025-04-17,False,false_positive,0.8722,46,347,0,0.020067,0.048991,,,,medium_45_47,Rasti real u shty drejt fake; përmbledhja shumë e shkurtër mund të ketë ngjarë me anën e shkurtër të corpus-it (46 fjalë kundrejt medianës 206 për real në test set). Burimi institucional është vetëm metadata dhe modeli nuk e sheh atë si feature.
EXT-F-010,Arben Gashi është ndër pesë personat më të pasur në Gjermani,Një video në gjuhën gjermane e paraqet deputetin Arben Gashi si sipërmarrës të pasurive të paluajtshme. Materiali thotë se investimet në prona banesore dhe komerciale i kanë krijuar një pasuri rreth 300 milionë euro dhe e rendisin ndër më të pasurit.,fake,1,real,0,0.7063,0.2937,1.0,likely_real,ekonomi,Krypometër / postim në Facebook,fact_checked_social_claim,2025-10-29,False,false_negative,0.7063,51,311,0,0.027451,0.07074,,,,long_48_51,"Pretendimi fake është përmbledhur me stil neutral; prova e fact-check-ut ruhet veçmas dhe nuk i jepet modelit, prandaj formulimi mund të duket si lajm real. Nuk u gjet asnjë marker nga lista e kufizuar sensacionale."
EXT-F-012,Mega Mall dhuron qindra soba dhe enë gatimi për ndjekësit,Një faqe me emrin Mega Mall njofton se do të dhurojë qindra soba dhe enë gatimi me gërvishtje të vogla. Përdoruesve u kërkohet të komentojnë për të hyrë në short dhe më pas të japin të dhëna personale e bankare.,fake,1,real,0,0.5889,0.4111,1.0,uncertain,ekonomi,Krypometër / postim në Facebook,fact_checked_social_claim,2025-09-09,False,false_negative,0.5889,50,269,0,0.027523,0.078067,,,,long_48_51,"Pretendimi fake është përmbledhur me stil neutral; prova e fact-check-ut ruhet veçmas dhe nuk i jepet modelit, prandaj formulimi mund të duket si lajm real. Nuk u gjet asnjë marker nga lista e kufizuar sensacionale. Pragjet e zhvendosën këtë gabim binar në zonën uncertain."
