"external_id","title","content","label","source","url","published_date","label_evidence","evidence_url","topic","content_origin","review_status"
"EXT-R-001","Prezantohet programi EU4Municipalities II për bashkitë shqiptare","Programi EU4Municipalities II u prezantua si një nismë e mbështetur nga Bashkimi Europian për forcimin e qeverisjes vendore. Programi zbatohet nga GIZ me partnerë vendorë dhe synon investime në infrastrukturë, modernizim të shërbimeve bashkiake dhe ngritje të kapaciteteve institucionale.","real","Këshilli i Ministrave i Shqipërisë","https://www.kryeministria.al/newsroom/projekti-eu4municipalities-ii-investim-strategjik-per-fuqizimin-e-bashkive-dhe-pershpejtimin-e-rruges-se-shqiperise-drejt-be-se/","2026-05-08","Njoftim zyrtar i Këshillit të Ministrave; etiketa mbulon zhvillimin e raportuar dhe jo vlerësimet politike të pjesëmarrësve.","https://www.kryeministria.al/newsroom/projekti-eu4municipalities-ii-investim-strategjik-per-fuqizimin-e-bashkive-dhe-pershpejtimin-e-rruges-se-shqiperise-drejt-be-se/","politikë","manual_summary_sq","approved"
"EXT-R-002","Shqipëria merr pjesë në Konferencën e tetë Ndërqeveritare me BE-në","Delegacioni shqiptar mori pjesë në Bruksel në Konferencën e tetë Ndërqeveritare Shqipëri-Bashkimi Europian. Takimi trajtoi ecurinë e negociatave dhe kushtet për kapitujt që lidhen me gjyqësorin, të drejtat themelore, drejtësinë, lirinë dhe sigurinë.","real","Këshilli i Ministrave i Shqipërisë","https://www.kryeministria.al/newsroom/konferenca-e-8-nderqeveritare-shqiperi-bashkimi-europian/","2026-05-26","Faqja zyrtare publikoi agjendën dhe pjesëmarrjen e delegacionit; etiketa lidhet me mbajtjen e konferencës.","https://www.kryeministria.al/newsroom/konferenca-e-8-nderqeveritare-shqiperi-bashkimi-europian/","politikë","manual_summary_sq","approved"
"EXT-R-003","Shqipëria mbyll provizorisht tre kapituj negociatash me BE-në","Në përfundim të Konferencës së nëntë Ndërqeveritare Shqipëri-Bashkimi Europian u njoftua mbyllja provizore e kapitujve për shkencën dhe kërkimin, arsimin dhe kulturën, si dhe marrëdhëniet me jashtë. Ngjarja u raportua pas takimit zyrtar në Bruksel.","real","Këshilli i Ministrave i Shqipërisë","https://www.kryeministria.al/newsroom/shqiperia-mbyll-tre-kapitujt-e-pare-te-negociatave-me-be-ne/","2026-07-14","Njoftim zyrtar pas konferencës ndërqeveritare; etiketa mbulon vendimin procedural të raportuar.","https://www.kryeministria.al/newsroom/shqiperia-mbyll-tre-kapitujt-e-pare-te-negociatave-me-be-ne/","politikë","manual_summary_sq","approved"
"EXT-R-004","Qeveria diskuton kalendarin e negociatave me Bashkimin Europian","Në një takim me ministrat e kabinetit u paraqit gjendja e procesit të negociatave të Shqipërisë me Bashkimin Europian. Diskutimi përfshiu kalendarin e përbashkët me Komisionin Europian, reformat e lidhura me Planin e Rritjes dhe detyrimet institucionale për fazat e ardhshme.","real","Këshilli i Ministrave i Shqipërisë","https://www.kryeministria.al/newsroom/panorama-e-negociatave-me-bashkimin-europian-shqiperia-ne-rruge-te-qendrueshme-drejt-anetaresimit/","2026-03-30","Njoftim zyrtar për takimin e zhvilluar; etiketa nuk miraton vlerësimet politike mbi ritmin e integrimit.","https://www.kryeministria.al/newsroom/panorama-e-negociatave-me-bashkimin-europian-shqiperia-ne-rruge-te-qendrueshme-drejt-anetaresimit/","politikë","manual_summary_sq","approved"
"EXT-R-005","Spitali Rajonal i Lezhës zgjeron shërbimet e specializuara","Spitali Rajonal i Lezhës u vizitua pas rikonstruksionit dhe zgjerimit të shërbimeve. Struktura përfshin pajisje të reja dhe një njësi për sëmundjet infektive, ndërsa synimi i deklaruar është që më shumë shërbime të specializuara të ofrohen për pacientët e qarkut.","real","Këshilli i Ministrave i Shqipërisë","https://www.kryeministria.al/newsroom/spitali-rajonal-i-lezhes-investim-modern-qe-forcon-sherbimet-shendetesore-dhe-afron-specializimet-prane-qytetareve/","2026-04-08","Njoftim zyrtar për vizitën dhe investimin e përfunduar; përmbledhja kufizohet te shërbimet e raportuara.","https://www.kryeministria.al/newsroom/spitali-rajonal-i-lezhes-investim-modern-qe-forcon-sherbimet-shendetesore-dhe-afron-specializimet-prane-qytetareve/","shëndetësi","manual_summary_sq","approved"
"EXT-R-006","Prezantohet projekti për qendrën spitalore Health Hub Hospital në Tiranë","Në Tiranë u prezantua projekti Health Hub Hospital, i cili parashikon ndërtimin e një qendre të re spitalore nga Grupi San Donato. Sipas njoftimit, struktura do të fokusohet në diagnostikimin dhe trajtimin e patologjive komplekse me shërbime të specializuara.","real","Këshilli i Ministrave i Shqipërisë","https://www.kryeministria.al/newsroom/grupi-san-donato-sjell-ne-tirane-hhh-health-hub-hospital-nje-investim-strategjik-per-shendetesine-shqiptare-dhe-rajonale/","2026-07-07","Njoftim zyrtar për prezantimin e projektit dhe pjesëmarrësit; etiketa nuk garanton realizimin e ardhshëm të çdo objektivi.","https://www.kryeministria.al/newsroom/grupi-san-donato-sjell-ne-tirane-hhh-health-hub-hospital-nje-investim-strategjik-per-shendetesine-shqiptare-dhe-rajonale/","shëndetësi","manual_summary_sq","approved"
"EXT-R-007","Tetë spitale rajonale ofrojnë njësi kimioterapie","Një njoftim për reformën në onkologji raportoi hapjen e njësive të kimioterapisë në tetë spitale rajonale: Shkodër, Lezhë, Durrës, Elbasan, Fier, Berat, Korçë dhe Vlorë. Në QSUT u raportua gjithashtu vënia në punë e një akseleratori të tretë linear.","real","Këshilli i Ministrave i Shqipërisë","https://www.kryeministria.al/newsroom/shendetesia-ndryshimi-i-modelit-te-sherbimit-dhe-reforma-ne-onkologji/","2026-07-27","Burimi zyrtar dokumenton njësitë dhe pajisjen e raportuar; etiketa lidhet me masat konkrete të njoftuara.","https://www.kryeministria.al/newsroom/shendetesia-ndryshimi-i-modelit-te-sherbimit-dhe-reforma-ne-onkologji/","shëndetësi","manual_summary_sq","approved"
"EXT-R-008","Buxhetit të shëndetësisë i shtohen fonde për barnat onkologjike","Ndryshimet në buxhetin e vitit 2026 parashikuan 1.5 miliardë lekë shtesë për blerjen e barnave onkologjike dhe përmirësimin e shërbimeve spitalore. Akti përfshiu gjithashtu fonde për pagat e mjekëve dhe personelit të urgjencës.","real","Këshilli i Ministrave i Shqipërisë","https://www.kryeministria.al/newsroom/qeveria-miraton-aktin-normativ-per-ndryshimet-ne-buxhetin-2026-nga-1-korriku-nis-indeksimi-i-pensioneve/","2026-06-30","Njoftim zyrtar për aktin normativ dhe zërat buxhetorë; etiketa mbulon miratimin e masave të publikuara.","https://www.kryeministria.al/newsroom/qeveria-miraton-aktin-normativ-per-ndryshimet-ne-buxhetin-2026-nga-1-korriku-nis-indeksimi-i-pensioneve/","shëndetësi","manual_summary_sq","approved"
"EXT-R-009","Banka e Shqipërisë mban të pandryshuar normën bazë të interesit","Këshilli Mbikëqyrës i Bankës së Shqipërisë vendosi ta mbajë normën bazë të interesit në nivelin 2.5 për qind. Normat për depozitën dhe kredinë njëditore mbetën përkatësisht 1.5 dhe 3.5 për qind pas shqyrtimit të raportit të politikës monetare.","real","Banka e Shqipërisë","https://www.bankofalbania.org/Shtypi/Njoftimet_per_shtyp/Vendimet_e_politik_e_s_monetare.html","2026-05-06","Vendim i publikuar nga banka qendrore me normat përkatëse të interesit.","https://www.bankofalbania.org/Shtypi/Njoftimet_per_shtyp/Vendimet_e_politik_e_s_monetare.html","ekonomi","manual_summary_sq","approved"
"EXT-R-010","Fondi i Ndërhyrjes së Jashtëzakonshme arrin 8.22 miliardë lekë","Banka e Shqipërisë njoftoi se Fondi i Ndërhyrjes së Jashtëzakonshme u shtua me 1.18 miliardë lekë nga kontributi vjetor i bankave. Pas nëntë vitesh kontribute, niveli i përgjithshëm i fondit arriti në 8.22 miliardë lekë.","real","Banka e Shqipërisë","https://www.bankofalbania.org/Shtypi/Njoftimet_per_shtyp/Fondi_i_Nd_e_rhyrjes_s_e_Jasht_e_zakonshme.html","2026-05-20","Njoftim zyrtar i Bankës së Shqipërisë me vlerat dhe bazën ligjore të fondit.","https://www.bankofalbania.org/Shtypi/Njoftimet_per_shtyp/Fondi_i_Nd_e_rhyrjes_s_e_Jasht_e_zakonshme.html","ekonomi","manual_summary_sq","approved"
"EXT-R-011","INSTAT raporton rritje të PBB-së në tremujorin e parë të vitit 2026","Produkti i Brendshëm Bruto në terma realë u vlerësua me rritje 3.71 për qind në tremujorin e parë të vitit 2026 krahasuar me të njëjtën periudhë të vitit të kaluar. Rezultati u publikua në njoftimin periodik të INSTAT.","real","INSTAT","https://www.instat.gov.al/sq/temat/ekonomi-dhe-finance/llogarite-kombetare/publikimet/2026/produkti-i-brendshem-bruto-t1-2026/","2026-06-29","Publikim statistikor zyrtar i INSTAT për PBB-në e tremujorit të parë.","https://www.instat.gov.al/sq/temat/ekonomi-dhe-finance/llogarite-kombetare/publikimet/2026/produkti-i-brendshem-bruto-t1-2026/","ekonomi","manual_summary_sq","approved"
"EXT-R-012","Eksportet dhe importet e mallrave rriten në qershor 2026","INSTAT raportoi se eksportet e mallrave në qershor arritën 35.4 miliardë lekë, ndërsa importet 83.5 miliardë lekë. Krahasuar me një vit më parë, eksportet u rritën 13.6 për qind dhe importet 9.1 për qind.","real","INSTAT","https://www.instat.gov.al/sq/temat/tregtia-e-jashtme/tregtia-e-jashtme-e-mallrave/publikimet/2026/tregtia-e-jashtme-qershor-2026/","2026-07-17","Publikim statistikor zyrtar i INSTAT për tregtinë e jashtme të mallrave.","https://www.instat.gov.al/sq/temat/tregtia-e-jashtme/tregtia-e-jashtme-e-mallrave/publikimet/2026/tregtia-e-jashtme-qershor-2026/","ekonomi","manual_summary_sq","approved"
"EXT-R-013","Fondi Social 2026 financon katërmbëdhjetë shërbime të reja","Fondi Social 2026 do të financojë katërmbëdhjetë shërbime të reja për fëmijë, të moshuar, persona me aftësi të kufizuara dhe gra e vajza të prekura nga dhuna. Dymbëdhjetë shërbime do të ofrohen në bashki dhe dy në nivel qarku.","real","Këshilli i Ministrave i Shqipërisë","https://www.kryeministria.al/newsroom/prezantohen-sherbime-te-reja-sociale-pjese-e-fondit-social-2026/","2026-02-11","Njoftim zyrtar që rendit numrin, grupet përfituese dhe shtrirjen e shërbimeve.","https://www.kryeministria.al/newsroom/prezantohen-sherbime-te-reja-sociale-pjese-e-fondit-social-2026/","sociale","manual_summary_sq","approved"
"EXT-R-014","Mbahet finalja e Festivalit Kombëtar të Shkencës","Finalja e Festivalit Kombëtar të Shkencës mblodhi projekte kërkimore, eksperimente dhe prototipe të nxënësve të gjimnazeve. Sipas njoftimit, aktivitetet kishin nisur në laboratorët e 300 shkollave dhe kishin përfshirë mbi gjashtë mijë nxënës nga vendi.","real","Këshilli i Ministrave i Shqipërisë","https://www.kryeministria.al/newsroom/festivali-kombetar-i-shkences-arsim-cilesor-permes-nxitjes-se-inovacionit-dhe-kerkimit-shkencor-ne-shkolla/","2026-04-26","Njoftim zyrtar për aktivitetin, pjesëmarrjen dhe finalen e zhvilluar.","https://www.kryeministria.al/newsroom/festivali-kombetar-i-shkences-arsim-cilesor-permes-nxitjes-se-inovacionit-dhe-kerkimit-shkencor-ne-shkolla/","sociale","manual_summary_sq","approved"
"EXT-R-015","Shkolla 22 Tetori në Berat rikonstruktohet për rreth 500 nxënës","Punimet në shkollën 22 Tetori në Berat përfshijnë klasa, laboratorë, mjedise smartlab, palestër dhe hapësira për artin e zejet. Objekti pritet të shërbejë për rreth 500 nxënës dhe të përdoret edhe si qendër komunitare.","real","Këshilli i Ministrave i Shqipërisë","https://www.kryeministria.al/newsroom/berat-investime-te-reja-per-shkolla-moderne-dhe-standarde-europiane/","2026-04-10","Njoftim zyrtar nga inspektimi i punimeve dhe përshkrimi i kapaciteteve të shkollës.","https://www.kryeministria.al/newsroom/berat-investime-te-reja-per-shkolla-moderne-dhe-standarde-europiane/","sociale","manual_summary_sq","approved"
"EXT-R-016","Dyfishohet mbështetja për fëmijët dhe të rinjtë me aftësi të kufizuara","Qeveria njoftoi dyfishimin e mbështetjes ekonomike për fëmijët dhe të rinjtë me aftësi të kufizuara. Plani i veprimit 2026-2030 përfshin gjithashtu sigurime për kujdestarët, më shumë shërbime në komunitet dhe masa për arsim, punësim e rehabilitim.","real","Këshilli i Ministrave i Shqipërisë","https://kryeministria.al/newsroom/dyfishim-i-mbeshtetjes-ekonomike-te-femijeve-e-te-rinjve-me-aftesi-te-kufizuar-si-dhe-garanci-te-reja-shendetesore-e-shoqerore-per-kujdestaret-e-tyre/","2026-07-20","Njoftim zyrtar për masën financiare dhe planin kombëtar të miratuar.","https://kryeministria.al/newsroom/dyfishim-i-mbeshtetjes-ekonomike-te-femijeve-e-te-rinjve-me-aftesi-te-kufizuar-si-dhe-garanci-te-reja-shendetesore-e-shoqerore-per-kujdestaret-e-tyre/","sociale","manual_summary_sq","approved"
"EXT-R-017","Nis faza e parë e projektit Smart City në njëzet shkolla të Tiranës","Faza e parë e projektit Smart City përfshin njëzet shkolla në Tiranë. Sistemi i planifikuar përdor kamera, monitorim të integruar dhe inteligjencë artificiale për të identifikuar situata me rrezik dhe për të njoftuar qendrat operative.","real","Këshilli i Ministrave i Shqipërisë","https://www.kryeministria.al/newsroom/nis-projekti-smart-city-inteligjenca-artificiale-dhe-sistemi-i-monitorimit-rrisin-sigurine-ne-shkolla-dhe-hapesirat-publike/","2026-07-16","Njoftim zyrtar për nisjen, shtrirjen fillestare dhe funksionet e deklaruara të projektit.","https://www.kryeministria.al/newsroom/nis-projekti-smart-city-inteligjenca-artificiale-dhe-sistemi-i-monitorimit-rrisin-sigurine-ne-shkolla-dhe-hapesirat-publike/","teknologji","manual_summary_sq","approved"
"EXT-R-018","Samiti Shqipëri-Izrael mbledh kompani të teknologjisë dhe sigurisë kibernetike","Në Tiranë u zhvillua Samiti Shqipëri-Izrael me pjesëmarrjen e dyzet kompanive izraelite. Takimi u fokusua te siguria kibernetike, teknologjia moderne, inovacioni dhe mundësitë për partneritete mes institucioneve e bizneseve të dy vendeve.","real","Këshilli i Ministrave i Shqipërisë","https://www.kryeministria.al/newsroom/samiti-shqiperi-izrael-per-forcimin-e-bashkepunimit-ne-inovacion-teknologji-dhe-siguri-kibernetike/","2026-05-12","Njoftim zyrtar për samitin, pjesëmarrjen dhe temat e trajtuara.","https://www.kryeministria.al/newsroom/samiti-shqiperi-izrael-per-forcimin-e-bashkepunimit-ne-inovacion-teknologji-dhe-siguri-kibernetike/","teknologji","manual_summary_sq","approved"
"EXT-R-019","Prezantohet shoqëria publike Albanian Digital Solutions","Albanian Digital Solutions u prezantua si një shoqëri publike për zhvillimin, mirëmbajtjen dhe modernizimin e sistemeve digjitale shtetërore. Njoftimi e lidh krijimin e saj me zgjerimin e kapaciteteve teknike dhe zhvillimin e shërbimeve elektronike publike.","real","Këshilli i Ministrave i Shqipërisë","https://www.kryeministria.al/newsroom/prezantimi-i-albanian-digital-solutions-hapi-i-ri-ne-transformimin-digjital-te-sherbimeve-publike/","2026-05-29","Njoftim zyrtar për prezantimin dhe objektin e veprimtarisë së shoqërisë së re.","https://www.kryeministria.al/newsroom/prezantimi-i-albanian-digital-solutions-hapi-i-ri-ne-transformimin-digjital-te-sherbimeve-publike/","teknologji","manual_summary_sq","approved"
"EXT-R-020","Administrata publike përdor mjete të inteligjencës artificiale në procesin e integrimit","Në një takim për digjitalizimin e administratës u paraqit përdorimi i mjeteve të inteligjencës artificiale për përpunimin e legjislacionit të Bashkimit Europian. U raportua gjithashtu se shumica e shërbimeve publike ofrohen online përmes platformës e-Albania.","real","Këshilli i Ministrave i Shqipërisë","https://www.kryeministria.al/newsroom/shqiperia-me-hapa-te-shpejte-drejt-modernizimit-te-administrates-publike-permes-inteligjences-artificiale-ai/","2025-04-17","Njoftim zyrtar për takimin dhe përdorimet e paraqitura; etiketa nuk vlerëson pretendimet promocionale mbi suksesin e tyre.","https://www.kryeministria.al/newsroom/shqiperia-me-hapa-te-shpejte-drejt-modernizimit-te-administrates-publike-permes-inteligjences-artificiale-ai/","teknologji","manual_summary_sq","approved"
"EXT-F-001","Ramush Haradinaj dhe bashkëshortja bashkëpunojnë me Vuçiqin për Expo 27","Një video e shpërndarë në rrjete sociale paraqet Ramush dhe Anita Haradinajn së bashku me presidentin serb Aleksandar Vuçiq. Materiali thotë se një kompani e lidhur me çiftin po ndërton infrastrukturën e panairit Expo 27 në Beograd.","fake","Krypometër / postim në Facebook","https://kallxo.com/krypometer/nderlidhja-e-rreme-e-ramush-haradinajt-me-expo-27-ne-beograd/","2026-07-31","Krypometër e vlerësoi Rrenë: videoja ishte prodhuar me inteligjencë artificiale dhe pretendimi u mohua nga Besnik Tahiri dhe Anita Haradinaj.","https://kallxo.com/krypometer/nderlidhja-e-rreme-e-ramush-haradinajt-me-expo-27-ne-beograd/","politikë","manual_summary_sq","approved"
"EXT-F-002","Albin Kurti paraqitet me një librezë anëtarësie të UDB-së","Në rrjete sociale qarkullon fotografia e një libreze të vjetër identifikimi ku është vendosur portreti i Albin Kurtit. Postimet e paraqesin dokumentin si provë se kryeministri në detyrë ka qenë anëtar i shërbimit jugosllav të sigurisë.","fake","Krypometër / postim në rrjete sociale","https://kallxo.com/krypometer/manipulimi-i-fotografise-rrejshem-paraqitet-imazhi-i-kurtit-ne-librezen-e-udb/","2026-07-31","Krypometër e vlerësoi Rrenë: e njëjta librezë me numër identik ishte manipuluar më parë me fotografi të personave të ndryshëm.","https://kallxo.com/krypometer/manipulimi-i-fotografise-rrejshem-paraqitet-imazhi-i-kurtit-ne-librezen-e-udb/","politikë","manual_summary_sq","approved"
"EXT-F-003","Vjosa Osmani i puth dorën Albin Kurtit gjatë bisedimeve politike","Një video në Facebook paraqet Vjosa Osmanin duke iu afruar Albin Kurtit dhe duke i puthur dorën. Postimi e lidh skenën me konsultimet politike pas zgjedhjeve dhe e shoqëron me një fotografi ku veshja e saj mban portrete politikanësh.","fake","Krypometër / postim në Facebook","https://kallxo.com/krypometer/videoja-e-fabrikuar-permes-inteligjences-artificilae-qe-rrejshem-paraqet-vjosa-osmanin-kinse-duke-iu-nenshtruar-albin-kurtit/","2026-07-30","Krypometër e vlerësoi Rrenë: analiza me HIVE tregoi video të gjeneruar me AI dhe krahasimi me fotografinë origjinale tregoi veshje të manipuluar.","https://kallxo.com/krypometer/videoja-e-fabrikuar-permes-inteligjences-artificilae-qe-rrejshem-paraqet-vjosa-osmanin-kinse-duke-iu-nenshtruar-albin-kurtit/","politikë","manual_summary_sq","approved"
"EXT-F-004","Erdogan kërcënon Greqinë pas protestave në Shqipëri","Një postim i shpërndarë gjatë protestave në Shqipëri i atribuon presidentit turk Recep Tayyip Erdogan një reagim për situatën. Sipas tekstit, ai ka paralajmëruar Greqinë se Turqia do ta mbrojë territorin shqiptar në të njëjtën mënyrë si në vitin 1997.","fake","Krypometër / postim në Facebook","https://kallxo.com/krypometer/deklarata-e-rreme-qe-i-atribuohet-erdoganit-per-protestat-ne-shqiperi/","2026-06-30","Krypometër e vlerësoi Rrenë pasi nuk gjeti asnjë deklaratë të tillë në kanalet zyrtare të Presidencës së Turqisë ose në burime të besueshme.","https://kallxo.com/krypometer/deklarata-e-rreme-qe-i-atribuohet-erdoganit-per-protestat-ne-shqiperi/","politikë","manual_summary_sq","approved"
"EXT-F-005","Një recetë e mjekut largon parazitët nga organizmi","Një faqe shëndeti publikon video ku një kasap dhe një mjek i njohur flasin për shenja të parazitëve në trup. Materiali u premton shikuesve se një recetë e thjeshtë mund t'i largojë parazitët dhe të zgjidhë shqetësimet e përditshme.","fake","Krypometër / postim në Facebook","https://kallxo.com/krypometer/video-te-fabrikuara-duke-keqperdore-imazhe-te-mjekeve-qe-kane-vdekur/","2026-07-31","Krypometër e vlerësoi Rrenë: videot ishin të fabrikuara me AI dhe njëra keqpërdorte imazhin e mjekut Isuf Kalo, i cili kishte vdekur në vitin 2023.","https://kallxo.com/krypometer/video-te-fabrikuara-duke-keqperdore-imazhe-te-mjekeve-qe-kane-vdekur/","shëndetësi","manual_summary_sq","approved"
"EXT-F-006","Urologu Ajet Xhafa zbulon një ilaç të ri kundër prostatitit","Një video me pamje televizive thotë se urologu Ajet Xhafa ka zbuluar një ilaç të ri për prostatitin. Prezantimi sugjeron se metoda është përdorur nga mijëra burra dhe sjell përmirësim të shpejtë të simptomave pa trajtime të tjera.","fake","Krypometër / postim në Facebook","https://kallxo.com/krypometer/keqperdorimi-i-imazhit-te-urologut-ajet-xhafa-dhe-te-rtv-21-per-te-mashtruar-qytetaret-me-probleme-me-prostatitin/","2026-07-31","Krypometër e vlerësoi Rrenë: pamjet dhe zëri ishin manipuluar me AI; Ajet Xhafa mohoi videon dhe pretendimet mjekësore.","https://kallxo.com/krypometer/keqperdorimi-i-imazhit-te-urologut-ajet-xhafa-dhe-te-rtv-21-per-te-mashtruar-qytetaret-me-probleme-me-prostatitin/","shëndetësi","manual_summary_sq","approved"
"EXT-F-007","Një lugë para gjumit largon të gjithë parazitët brenda natës","Një artikull që përdor pamjen e një gazete shqiptare promovon produktin Paranex si trajtim natyral kundër parazitëve. Teksti premton se një lugë para gjumit e pastron organizmin brenda natës dhe e paraqet rekomandimin si këshillë mjekësore.","fake","Krypometër / postim në Facebook","https://kallxo.com/krypometer/keqperdorimi-i-imazhit-te-gazeta-tema-per-te-mashtruar-qytetaret-me-probleme-me-parazite/","2026-07-31","Krypometër e vlerësoi Rrenë: faqja klononte imazhin e Gazetës Tema, keqpërdorte fotografinë e një kirurgu dhe produkti nuk kishte autorizim marketingu në Kosovë.","https://kallxo.com/krypometer/keqperdorimi-i-imazhit-te-gazeta-tema-per-te-mashtruar-qytetaret-me-probleme-me-parazite/","shëndetësi","manual_summary_sq","approved"
"EXT-F-008","Një metodë e re rikthen dëgjimin dhe largon zhurmën në vesh","Një artikull në rrjete sociale paraqet një mjek dhe një televizion si burim të një metode për rikthimin e dëgjimit. Materiali paralajmëron se zhurma në vesh mund të çojë në probleme të rënda dhe promovon një suplement si zgjidhje.","fake","Krypometër / postim në Facebook","https://kallxo.com/krypometer/mjeke-fiktiv-e-klonim-te-mediave-per-te-shperndare-artikuj-te-rreme-per-rikthimin-e-degjimit/","2026-07-29","Krypometër e vlerësoi Rrenë: mjeku dhe televizioni ishin fiktivë, pamjet ishin gjeneruar me AI dhe një specialist i ORL-së hodhi poshtë pretendimin për suplementin.","https://kallxo.com/krypometer/mjeke-fiktiv-e-klonim-te-mediave-per-te-shperndare-artikuj-te-rreme-per-rikthimin-e-degjimit/","shëndetësi","manual_summary_sq","approved"
"EXT-F-009","Kurti njofton investim 500 milionë euro në energji të rinovueshme","Një postim i paraqitur si lajm nga Bloomberg dhe një media vendore i atribuon Albin Kurtit një deklaratë për investim 500 milionë euro. Sipas citatit, projekti i energjisë së rinovueshme do ta bëjë Kosovën të pavarur energjetikisht dhe do të krijojë vende pune.","fake","Krypometër / postim në Facebook","https://kallxo.com/krypometer/citati-i-rreme-qe-i-meveshet-kurtit-per-energjine/","2026-02-27","Krypometër e vlerësoi Rrenë: citati nuk gjendej te Bloomberg ose media e përmendur dhe zëdhënësi i Qeverisë konfirmoi se ishte i rremë.","https://kallxo.com/krypometer/citati-i-rreme-qe-i-meveshet-kurtit-per-energjine/","ekonomi","manual_summary_sq","approved"
"EXT-F-010","Arben Gashi është ndër pesë personat më të pasur në Gjermani","Një video në gjuhën gjermane e paraqet deputetin Arben Gashi si sipërmarrës të pasurive të paluajtshme. Materiali thotë se investimet në prona banesore dhe komerciale i kanë krijuar një pasuri rreth 300 milionë euro dhe e rendisin ndër më të pasurit.","fake","Krypometër / postim në Facebook","https://kallxo.com/krypometer/pretendimi-i-rreme-se-deputeti-arben-gashi-eshte-nje-nga-pese-personat-me-te-pasur-ne-gjermani/","2025-10-29","Krypometër e vlerësoi Rrenë pas kontrollit të deklarimeve të pasurisë dhe mohimit të vetë deputetit; shifrat nuk mbështeteshin nga dokumentet.","https://kallxo.com/krypometer/pretendimi-i-rreme-se-deputeti-arben-gashi-eshte-nje-nga-pese-personat-me-te-pasur-ne-gjermani/","ekonomi","manual_summary_sq","approved"
"EXT-F-011","Kredi me interes një për qind miratohet brenda 48 orëve","Një faqe në Facebook ofron kredi deri në dhjetë mijë euro për udhëtime, blerje automjeti, pronë ose biznes. Aplikantëve u premtohet miratim brenda 48 orëve me interes një për qind, pasi të paguajnë paraprakisht një tarifë prej 187 eurosh.","fake","Krypometër / ofertë në Facebook","https://kallxo.com/krypometer/tentimi-per-ti-zhvatur-187-euro-qytetareve-permes-nje-oferte-te-rreme-per-kredi/","2025-07-16","Krypometër e vlerësoi Rrenë: Banka Qendrore e Kosovës konfirmoi se faqja nuk ishte e licencuar dhe oferta kërkonte paradhënie nga qytetarët.","https://kallxo.com/krypometer/tentimi-per-ti-zhvatur-187-euro-qytetareve-permes-nje-oferte-te-rreme-per-kredi/","ekonomi","manual_summary_sq","approved"
"EXT-F-012","Mega Mall dhuron qindra soba dhe enë gatimi për ndjekësit","Një faqe me emrin Mega Mall njofton se do të dhurojë qindra soba dhe enë gatimi me gërvishtje të vogla. Përdoruesve u kërkohet të komentojnë për të hyrë në short dhe më pas të japin të dhëna personale e bankare.","fake","Krypometër / postim në Facebook","https://kallxo.com/krypometer/keqperdorimi-i-emrave-te-bizneseve-per-te-mashtruar-qytetaret-me-dhurata/","2025-09-09","Krypometër e vlerësoi Rrenë: biznesi real mohoi lojën shpërblyese dhe faqja pa të dhëna identifikuese kërkonte informacione bankare nga përdoruesit.","https://kallxo.com/krypometer/keqperdorimi-i-emrave-te-bizneseve-per-te-mashtruar-qytetaret-me-dhurata/","ekonomi","manual_summary_sq","approved"
"EXT-F-013","Albin Kurti dhe Agim Bahtiri kanë vdekur nga temperaturat e larta","Dy video të shpërndara në Facebook paraqesin Albin Kurtin dhe Agim Bahtirin si të vdekur. Titujt sugjerojnë se temperaturat e larta u kanë shkaktuar vdekjen dhe pamjet përdorin portretet e tyre për ta paraqitur njoftimin si lajm të sapondodhur.","fake","Krypometër / postim në Facebook","https://kallxo.com/krypometer/videot-me-inteligjence-artificiale-qe-prezantojne-kurtin-dhe-bahtirin-si-te-vdekur/","2026-07-31","Krypometër e vlerësoi Rrenë: HIVE identifikoi videot si të gjeneruara me inteligjencë artificiale dhe personat ishin gjallë.","https://kallxo.com/krypometer/videot-me-inteligjence-artificiale-qe-prezantojne-kurtin-dhe-bahtirin-si-te-vdekur/","sociale","manual_summary_sq","approved"
"EXT-F-014","Njësia Speciale ndërhyn gjatë rrënimit të objekteve pranë Ujmanit","Një postim raporton se banorë serbë penguan punëtorët gjatë rrënimit të objekteve pa leje pranë liqenit të Ujmanit. Sipas lajmit, Njësia Speciale e Policisë ndërhyri dhe i largoi banorët nga zona që po pastrohej nga institucionet.","fake","Krypometër / postim në Facebook","https://kallxo.com/krypometer/rrena-per-incident-dhe-intervenim-te-njesise-speciale-gjate-rrenimit-te-objekteve-buze-liqenit-te-ujmanit/","2026-07-31","Krypometër e vlerësoi Rrenë: zëvendësdrejtori rajonal i Policisë tha se nuk pati incident ose ndërhyrje të Njësisë Speciale dhe raportimet lokale nuk e mbështetën lajmin.","https://kallxo.com/krypometer/rrena-per-incident-dhe-intervenim-te-njesise-speciale-gjate-rrenimit-te-objekteve-buze-liqenit-te-ujmanit/","sociale","manual_summary_sq","approved"
"EXT-F-015","Adriatik Kelmendi zhvillonte takime me një të dënuar për spiunazh","Një postim në Instagram pretendon se gazetari Adriatik Kelmendi ka zhvilluar takime të rregullta me Jelena Gjukanoviqin, e dënuar për spiunazh. Teksti ngre pyetjen se sa takime janë mbajtur dhe e paraqet lidhjen si informacion ekskluziv.","fake","Krypometër / postim në Instagram","https://kallxo.com/krypometer/nderlidhja-e-rreme-e-adriatik-kelmendit-me-te-denuaren-per-spiunazh-jelena-gjukanoviq/","2026-07-29","Krypometër e vlerësoi Rrenë: emri i gazetarit nuk shfaqej në aktakuzë ose aktgjykim dhe Kelmendi mohoi njohjen apo komunikimin me personin.","https://kallxo.com/krypometer/nderlidhja-e-rreme-e-adriatik-kelmendit-me-te-denuaren-per-spiunazh-jelena-gjukanoviq/","sociale","manual_summary_sq","approved"
"EXT-F-016","Qeveria e Kosovës ndryshon pesë rregulla të skemave pensionale","Një njoftim i shpërndarë në Instagram thotë se nga korriku qeveria do të zbatojë një politikë të re pensionesh. Materiali paralajmëron pesë ndryshime që do të prekin të gjithë të moshuarit dhe i drejton lexuesit te një faqe jozyrtare.","fake","Krypometër / postim në Instagram","https://kallxo.com/krypometer/rrena-se-qeveria-do-te-beje-pese-ndryshime-ne-skema-pensionale/","2024-07-30","Krypometër e vlerësoi Rrenë: Qeveria dhe Ministria e Financave konfirmuan se nuk kishte vendim të tillë dhe njoftimi nuk gjendej në kanalet zyrtare.","https://kallxo.com/krypometer/rrena-se-qeveria-do-te-beje-pese-ndryshime-ne-skema-pensionale/","sociale","manual_summary_sq","approved"
"EXT-F-017","Albin Kurti fotografohet pranë Sllobodan Millosheviqit","Një fotografi në Facebook paraqet Albin Kurtin pranë ish-presidentit jugosllav Sllobodan Millosheviq dhe një personi tjetër. Imazhi shpërndahet si fotografi historike e një takimi mes tyre dhe përdoret për të sugjeruar një lidhje të hershme politike.","fake","Krypometër / postim në Facebook","https://kallxo.com/krypometer/fotografia-e-fabrikuar-me-inteligjence-artificiale-e-albin-kurtit-me-millosheviqin/","2026-07-31","Krypometër e vlerësoi Rrenë: imazhi ishte krijuar me inteligjencë artificiale nga pamje të vitit 1998 dhe nuk u gjet në burime të besueshme.","https://kallxo.com/krypometer/fotografia-e-fabrikuar-me-inteligjence-artificiale-e-albin-kurtit-me-millosheviqin/","teknologji","manual_summary_sq","approved"
"EXT-F-018","Thaçi, Mustafa dhe Rama mbajnë kapela me simbole nacionaliste serbe","Fotografi të shpërndara në rrjete sociale paraqesin Hashim Thaçin, Isa Mustafën dhe Edi Ramën me kapela që mbajnë simbole nacionaliste serbe. Imazhet përdoren si ilustrim për akuza politike dhe paraqiten si fotografi autentike nga takime publike.","fake","Krypometër / postim në Facebook","https://kallxo.com/krypometer/fotot-e-manipuluara-te-hashim-thacit-isa-mustafes-dhe-edi-rames-me-kapela-me-simbole-nacionaliste-serbe/","2026-07-31","Krypometër e vlerësoi Rrenë pasi krahasimi me fotografitë origjinale tregoi se kapelat dhe simbolet ishin shtuar përmes manipulimit.","https://kallxo.com/krypometer/fotot-e-manipuluara-te-hashim-thacit-isa-mustafes-dhe-edi-rames-me-kapela-me-simbole-nacionaliste-serbe/","teknologji","manual_summary_sq","approved"
"EXT-F-019","Politikanë shqiptarë shfaqen duke u përqafuar dhe puthur","Video të shkurtra paraqesin Edi Ramën, Ali Ahmetin, Hashim Thaçin dhe Albin Kurtin duke u përqafuar ose puthur mes tyre. Materialet lidhen me mesazhe për marrëdhëniet e politikanëve dhe përdorin pamje nga ceremoni e ambiente fetare.","fake","Krypometër / postim në Facebook","https://kallxo.com/krypometer/video-e-fabrikuar-me-inteligjence-artificiale-qe-i-portretizon-politikanet-duke-puthur/","2026-07-31","Krypometër e vlerësoi Rrenë: videot ishin krijuar me AI duke ndryshuar fotografi reale dhe rezultatet e HIVE mbështetën manipulimin.","https://kallxo.com/krypometer/video-e-fabrikuar-me-inteligjence-artificiale-qe-i-portretizon-politikanet-duke-puthur/","teknologji","manual_summary_sq","approved"
"EXT-F-020","Dejona Mihali u mëson greqisht deputetëve të Vetëvendosjes","Një video në rrjete sociale shfaq Dejona Mihalin duke folur në gjuhën greke me disa deputetë të Vetëvendosjes. Materiali paraqitet si një moment real mësimi dhe përfshin zëra të sinkronizuar me lëvizjet e personave në pamje.","fake","Krypometër / postim në Facebook","https://kallxo.com/krypometer/video-e-gjeneruar-me-inteligjence-artificiale-e-politikaneve-duke-folur-ne-gjuhen-greke/","2026-07-31","Krypometër e vlerësoi Rrenë: analiza me HIVE tregoi se videoja dhe zërat ishin gjeneruar me inteligjencë artificiale.","https://kallxo.com/krypometer/video-e-gjeneruar-me-inteligjence-artificiale-e-politikaneve-duke-folur-ne-gjuhen-greke/","teknologji","manual_summary_sq","approved"
